,Player,Age,Pos,Tm,GP,G,A,PTS,+/-,PIM,EVG,PPG,SHG,GW,EVA,PPA,SHA,S,S%,TOI,ATOI,BLK,HIT,FOW,FOL,FO%,PS
0,Justin Abdelkader,28,LW,DET,82,19,23,42,-16,120,13,6,0,4,16,7,0,155,12.3,1512,18:26,44,207,5,9,35.7,3.8
1,Noel Acciari,24,C,BOS,19,0,1,1,-4,8,0,0,0,0,1,0,0,18,0.0,188,9:54,4,52,60,76,44.1,-0.4
2,Kenny Agostino,23,LW,CGY,2,0,0,0,-2,0,0,0,0,0,0,0,0,3,0.0,27,13:33,0,3,0,0,,-0.1
3,Andrew Agozzino,25,LW,COL,9,0,2,2,-1,0,0,0,0,0,1,1,0,3,0.0,77,8:34,4,8,24,21,53.3,0.1
4,Karl Alzner,27,D,WSH,82,4,17,21,14,26,4,0,0,1,17,0,0,75,5.3,1753,21:23,207,135,0,0,,5.4
5,Josh Anderson,21,RW,CBJ,12,1,3,4,0,2,1,0,0,0,3,0,0,11,9.1,128,10:42,4,40,0,0,,0.3
6,Joakim Andersson,26,C,DET,29,1,2,3,1,6,1,0,0,0,2,0,0,17,5.9,262,9:01,5,14,32,38,45.7,0.1
7,Andy Andreoff,24,LW,LAK,60,8,2,10,1,76,8,0,0,1,2,0,0,46,17.4,528,8:48,11,82,134,134,50.0,1.2
8,Sven Andrighetto,22,RW,MTL,44,7,10,17,1,6,6,1,0,0,9,1,0,74,9.5,621,14:07,17,71,3,4,42.9,1.7
9,Mike Angelidis,30,LW,TBL,4,1,0,1,2,5,1,0,0,1,0,0,0,1,100.0,36,9:00,1,6,10,21,32.3,0.3
10,Artem Anisimov,27,C,CHI,77,20,22,42,8,12,12,5,3,1,16,5,1,121,16.5,1393,18:05,40,53,507,641,44.2,4.9
11,Josh Archibald,23,RW,PIT,1,0,0,0,0,0,0,0,0,0,0,0,0,0,,5,5:02,1,1,0,0,,0.0
12,Mark Arcobello,27,C,TOR,20,3,1,4,0,0,3,0,0,0,1,0,0,43,7.0,254,12:41,3,22,132,110,54.5,0.4
13,Joel Armia,22,RW,WPG,43,4,6,10,2,12,4,0,0,1,4,0,2,52,7.7,523,12:10,20,59,0,2,0.0,0.8
14,Viktor Arvidsson,22,LW,NSH,56,8,8,16,-8,35,7,1,0,3,8,0,0,139,5.8,694,12:24,35,27,0,0,,1.2
15,Andreas Athanasiou,21,C,DET,37,9,5,14,1,5,8,0,1,1,5,0,0,53,17.0,334,9:01,8,17,53,76,41.1,2.1
16,Cam Atkinson,26,RW,CBJ,81,27,26,53,-8,22,21,4,2,3,20,6,0,226,11.9,1442,17:48,40,47,2,2,50.0,6.2
17,David Backes,31,C,STL,79,21,24,45,4,83,13,8,0,3,19,5,0,168,12.5,1519,19:14,63,239,620,572,52.0,5.2
18,Mikael Backlund,26,C,CGY,82,21,26,47,10,28,15,3,3,4,19,6,1,155,13.5,1347,16:26,51,68,539,604,47.2,5.5
19,Nicklas Backstrom,28,C,WSH,75,20,50,70,17,36,17,3,0,4,23,27,0,129,15.5,1439,19:11,50,51,659,698,48.6,8.3
20,Sven Baertschi,23,LW,VAN,69,15,13,28,-14,14,13,2,0,1,8,5,0,108,13.9,929,13:27,36,30,0,1,0.0,2.8
21,Josh Bailey,26,RW,NYI,81,12,20,32,-7,22,8,4,0,2,19,1,0,105,11.4,1284,15:51,25,45,14,20,41.2,2.5
22,Justin Bailey,20,RW,BUF,8,0,0,0,-2,2,0,0,0,0,0,0,0,22,0.0,93,11:36,6,8,0,0,,-0.2
23,Mark Barberio,25,D,MTL,30,2,8,10,0,6,2,0,0,0,8,0,0,32,6.3,450,15:00,18,12,0,0,,1.7
24,Aleksander Barkov,20,C,FLA,66,28,31,59,18,8,18,9,1,8,23,7,1,171,16.4,1282,19:26,39,43,569,587,49.2,8.4
25,Tyson Barrie,24,D,COL,78,13,36,49,-16,31,9,3,1,5,17,18,1,172,7.6,1810,23:12,84,37,0,0,,7.2
26,Matt Bartkowski,27,D,VAN,80,6,12,18,-19,50,6,0,0,0,12,0,0,85,7.1,1490,18:37,42,141,0,0,,2.9
27,Victor Bartley,27,D,TOT,10,0,0,0,2,6,0,0,0,0,0,0,0,8,0.0,133,13:19,17,21,0,0,,0.3
28,Victor Bartley,27,D,MTL,9,0,0,0,3,6,0,0,0,0,0,0,0,8,0.0,120,13:20,12,19,0,0,,0.4
29,Victor Bartley,27,D,NSH,1,0,0,0,-1,0,0,0,0,0,0,0,0,0,,13,13:15,5,2,0,0,,-0.1
30,Cody Bass,29,C,NSH,17,0,0,0,-1,17,0,0,0,0,0,0,0,11,0.0,130,7:40,8,26,12,9,57.1,-0.3
31,Kyle Baun,23,RW,CHI,2,0,0,0,-2,0,0,0,0,0,0,0,0,1,0.0,18,9:03,0,3,0,0,,-0.1
32,Jay Beagle,30,RW,WSH,57,8,9,17,0,24,8,0,0,1,9,0,0,74,10.8,799,14:01,24,55,370,267,58.1,1.4
33,Francois Beauchemin,35,D,COL,82,8,26,34,-7,38,6,2,0,2,15,9,2,127,6.3,2057,25:05,256,78,0,0,,6.0
34,Nathan Beaulieu,23,D,MTL,64,2,17,19,-6,55,1,1,0,0,15,2,0,74,2.7,1117,17:27,89,59,0,0,,2.8
35,Taylor Beck,24,LW,NYI,2,0,0,0,0,2,0,0,0,0,0,0,0,0,,17,8:29,0,6,0,0,,0.0
36,Matt Beleskey,27,LW,BOS,80,15,22,37,6,65,12,3,0,1,18,4,0,168,8.9,1269,15:51,44,260,6,19,24.0,3.9
37,Pierre-Edouard Bellemare,30,LW,PHI,74,7,7,14,-8,27,6,0,1,1,6,0,1,102,6.9,1004,13:34,61,65,272,307,47.0,0.4
38,Jamie Benn,26,LW,DAL,82,41,48,89,7,64,22,17,2,5,32,13,3,247,16.6,1642,20:01,55,156,226,252,47.3,12.1
39,Jordie Benn,28,D,DAL,64,3,9,12,2,21,2,1,0,2,8,0,1,58,5.2,1001,15:39,94,90,0,0,,2.2
40,Beau Bennett,24,RW,PIT,33,6,6,12,-1,10,5,1,0,0,4,2,0,52,11.5,393,11:54,6,65,2,4,33.3,1.3
41,Sam Bennett,19,C,CGY,77,18,18,36,-11,37,15,3,0,2,13,5,0,136,13.2,1166,15:09,32,110,160,187,46.1,3.4
42,Andre Benoit,32,D,STL,2,0,0,0,1,0,0,0,0,0,0,0,0,0,,27,13:35,5,1,0,0,,0.1
43,Patrice Bergeron,30,C,BOS,80,32,36,68,12,49,19,12,1,6,21,13,2,282,11.3,1587,19:50,56,77,1130,848,57.1,9.0
44,Patrik Berglund,27,C,STL,42,10,5,15,1,16,6,4,0,5,5,0,0,80,12.5,651,15:29,17,48,139,138,50.2,1.8
45,Steve Bernier,30,RW,NYI,24,1,5,6,3,9,1,0,0,0,5,0,0,27,3.7,269,11:14,13,42,0,0,,0.5
46,Christoph Bertschy,21,C,MIN,3,0,0,0,0,0,0,0,0,0,0,0,0,3,0.0,21,6:57,2,7,0,0,,0.0
47,Bryan Bickell,29,LW,CHI,25,0,2,2,-5,2,0,0,0,0,2,0,0,21,0.0,245,9:47,10,58,2,0,100.0,-0.4
48,Alex Biega,27,D,VAN,51,0,7,7,-11,22,0,0,0,0,7,0,0,61,0.0,855,16:46,41,124,0,0,,0.9
49,Kevin Bieksa,34,D,ANA,71,4,11,15,-7,99,2,2,0,1,7,4,0,109,3.7,1492,21:01,108,152,0,0,,3.6
50,Chris Bigras,20,D,COL,31,1,2,3,-2,16,1,0,0,0,2,0,0,21,4.8,414,13:21,17,17,0,0,,0.7
51,Anthony Bitetto,25,D,NSH,28,1,5,6,0,19,1,0,0,0,5,0,0,19,5.3,340,12:08,41,62,0,0,,1.1
52,Oliver Bjorkstrand,20,RW,CBJ,12,4,4,8,6,0,4,0,0,1,4,0,0,25,16.0,192,15:59,5,9,0,0,,1.3
53,Nick Bjugstad,23,C,FLA,67,15,19,34,-8,41,9,6,0,3,10,9,0,171,8.8,1039,15:31,28,87,449,419,51.7,3.4
54,Joseph Blandisi,21,LW,NJD,41,5,12,17,-14,34,1,4,0,1,10,2,0,43,11.6,640,15:36,13,39,11,22,33.3,1.1
55,Mike Blunden,29,RW,TBL,20,3,2,5,3,34,3,0,0,1,2,0,0,14,21.4,173,8:39,3,41,0,0,,0.8
56,Andrew Bodnarchuk,27,D,TOT,37,0,4,4,-7,14,0,0,0,0,4,0,0,9,0.0,457,12:20,27,44,0,0,,0.2
57,Andrew Bodnarchuk,27,D,COL,21,0,2,2,-1,6,0,0,0,0,2,0,0,4,0.0,224,10:40,18,23,0,0,,0.3
58,Andrew Bodnarchuk,27,D,CBJ,16,0,2,2,-6,8,0,0,0,0,2,0,0,5,0.0,233,14:32,9,21,0,0,,-0.1
59,Mikkel Boedker,26,LW,TOT,80,17,34,51,-33,12,14,3,0,5,18,16,0,166,10.2,1481,18:30,31,50,1,2,33.3,3.8
60,Mikkel Boedker,26,LW,ARI,62,13,26,39,-28,10,10,3,0,4,11,15,0,144,9.0,1155,18:37,21,43,0,1,0.0,2.8
61,Mikkel Boedker,26,LW,COL,18,4,8,12,-5,2,4,0,0,1,7,1,0,22,18.2,326,18:07,10,7,1,1,50.0,1.0
62,Zach Bogosian,25,D,BUF,64,7,17,24,-11,68,4,3,0,1,13,3,1,121,5.8,1430,22:21,98,86,0,0,,4.5
63,Jared Boll,29,RW,CBJ,30,1,2,3,-3,61,1,0,0,0,2,0,0,11,9.1,200,6:39,15,53,2,0,100.0,0.0
64,Dave Bolland,29,C,FLA,25,1,4,5,-2,16,1,0,0,0,1,3,0,26,3.8,352,14:06,9,36,156,185,45.7,0.0
65,Brandon Bollig,29,LW,CGY,54,2,2,4,-10,103,2,0,0,0,2,0,0,56,3.6,502,9:17,25,117,2,1,66.7,-0.7
66,Nick Bonino,27,C,PIT,63,9,20,29,13,31,6,2,1,0,20,0,0,97,9.3,998,15:50,67,22,463,455,50.4,3.0
67,Mark Borowiecki,26,D,OTT,63,1,1,2,-4,107,1,0,0,0,1,0,0,27,3.7,922,14:38,99,271,0,1,0.0,0.2
68,Robert Bortuzzo,26,D,STL,40,2,1,3,2,52,2,0,0,0,1,0,0,47,4.3,531,13:16,42,93,0,0,,1.3
69,Reid Boucher,22,LW,NJD,39,8,11,19,-13,6,6,2,0,4,7,4,0,74,10.8,557,14:16,14,32,1,2,33.3,1.8
70,Eric Boulton,39,LW,NYI,6,0,0,0,-3,2,0,0,0,0,0,0,0,3,0.0,57,9:29,0,15,0,0,,-0.2
71,Lance Bouma,25,C,CGY,44,2,5,7,-6,31,2,0,0,0,3,0,2,49,4.1,530,12:02,42,110,5,8,38.5,-0.2
72,Gabriel Bourque,25,RW,NSH,22,1,3,4,0,18,1,0,0,0,3,0,0,25,4.0,272,12:22,22,55,0,1,0.0,0.1
73,Rene Bourque,34,RW,CBJ,49,3,5,8,-9,38,3,0,0,0,5,0,0,77,3.9,512,10:27,19,82,3,6,33.3,0.0
74,Jay Bouwmeester,32,D,STL,72,3,16,19,-4,18,2,1,0,0,15,1,0,105,2.9,1664,23:07,110,71,0,0,,3.9
75,Johnny Boychuk,32,D,NYI,70,9,16,25,17,31,8,1,0,1,12,4,0,165,5.5,1496,21:22,140,149,0,0,,6.6
76,Brad Boyes,33,RW,TOR,60,8,16,24,-6,12,6,2,0,1,13,3,0,85,9.4,718,11:58,17,20,9,5,64.3,2.1
77,Brian Boyle,31,C,TBL,76,13,7,20,-7,57,9,2,2,4,6,1,0,117,11.1,981,12:55,48,115,346,336,50.7,1.9
78,Dan Boyle,39,D,NYR,74,10,14,24,0,30,7,3,0,0,7,7,0,95,10.5,1392,18:49,105,66,0,0,,4.5
79,Tyler Bozak,29,C,TOR,57,12,23,35,-9,18,9,3,0,1,16,7,0,99,12.1,988,17:20,24,46,597,462,56.4,3.2
80,Derick Brassard,28,C,NYR,80,27,31,58,12,30,19,8,0,5,17,14,0,182,14.8,1431,17:53,23,103,676,670,50.2,7.5
81,Justin Braun,28,D,SJS,80,4,19,23,11,36,4,0,0,0,18,1,0,114,3.5,1645,20:34,140,95,0,0,,5.4
82,T.J. Brennan,26,D,TOR,7,1,0,1,-6,6,1,0,0,0,0,0,0,11,9.1,106,15:06,5,7,0,0,,-0.2
83,Connor Brickley,23,C,FLA,23,1,4,5,1,14,1,0,0,1,4,0,0,13,7.7,201,8:44,6,46,0,0,,0.4
84,T.J. Brodie,25,D,CGY,70,6,39,45,4,18,4,2,0,1,30,7,2,79,7.6,1768,25:15,104,15,0,0,,6.9
85,Jonas Brodin,22,D,MIN,68,2,5,7,-4,18,2,0,0,0,5,0,0,58,3.4,1389,20:25,110,34,0,0,,2.1
86,Kyle Brodziak,31,C,STL,76,7,4,11,-1,37,4,0,3,4,4,0,0,49,14.3,821,10:48,37,50,275,281,49.5,0.7
87,Troy Brouwer,30,RW,STL,82,18,21,39,2,62,11,7,0,4,18,3,0,142,12.7,1394,17:00,52,200,65,49,57.0,4.3
88,Chris Brown,24,C,WSH,1,0,0,0,0,0,0,0,0,0,0,0,0,1,0.0,8,7:41,0,2,0,0,,0.0
89,Connor Brown,22,RW,TOR,7,1,5,6,-2,0,0,1,0,0,1,3,1,11,9.1,105,14:58,2,1,0,0,,0.5
90,Dustin Brown,31,RW,LAK,82,11,17,28,-5,30,9,2,0,0,15,1,1,218,5.0,1326,16:10,20,234,8,9,47.1,1.9
91,J.T. Brown,25,RW,TBL,78,8,14,22,16,59,8,0,0,0,12,0,2,140,5.7,1042,13:22,40,103,23,27,46.0,2.4
92,Mike Brown,30,RW,TOT,58,2,3,5,-5,90,2,0,0,0,3,0,0,51,3.9,453,7:48,25,176,3,1,75.0,-0.2
93,Mike Brown,30,RW,SJS,44,1,2,3,-3,63,1,0,0,0,2,0,0,37,2.7,318,7:13,17,120,2,1,66.7,-0.2
94,Mike Brown,30,RW,MTL,14,1,1,2,-2,27,1,0,0,0,1,0,0,14,7.1,135,9:39,8,56,1,0,100.0,0.0
95,Patrick Brown,23,C,CAR,7,1,1,2,4,4,1,0,0,0,1,0,0,8,12.5,88,12:36,6,11,0,0,,0.4
96,Brett Bulmer,23,RW,MIN,3,0,0,0,-1,7,0,0,0,0,0,0,0,2,0.0,20,6:43,0,2,0,0,,-0.1
97,Andre Burakovsky,20,LW,WSH,79,17,21,38,4,12,17,0,0,1,17,4,0,126,13.5,1029,13:01,24,37,17,20,45.9,4.6
98,Alexander Burmistrov,24,C,WPG,81,7,14,21,-11,32,7,0,0,2,12,1,1,102,6.9,1310,16:10,35,125,205,307,40.0,0.4
99,Brent Burns,30,D,SJS,82,27,48,75,-5,53,19,7,1,4,24,23,1,353,7.6,2121,25:52,145,101,1,0,100.0,12.9
100,Alexandre Burrows,34,RW,VAN,79,9,13,22,-13,49,7,2,0,0,9,4,0,135,6.7,1198,15:10,33,81,10,12,45.5,1.1
101,Chris Butler,29,D,STL,5,0,0,0,-1,4,0,0,0,0,0,0,0,4,0.0,58,11:30,8,3,0,0,,0.0
102,Dustin Byfuglien,30,D,WPG,81,19,34,53,4,119,15,3,1,6,19,14,1,247,7.7,2041,25:12,105,222,0,0,,9.7
103,Paul Byron,26,C,MTL,62,11,7,18,-9,11,8,0,3,2,5,0,2,50,22.0,853,13:46,25,112,3,2,60.0,1.4
104,Ryan Callahan,30,RW,TBL,73,10,18,28,-5,45,8,2,0,1,16,2,0,156,6.4,1258,17:14,71,164,21,15,58.3,2.1
105,Matt Calvert,26,LW,CBJ,73,11,13,24,1,51,10,1,0,1,13,0,0,114,9.6,1104,15:08,46,91,7,7,50.0,2.1
106,Mike Cammalleri,33,LW,NJD,42,14,24,38,15,18,11,3,0,1,17,7,0,101,13.9,810,19:17,13,15,7,7,50.0,5.6
107,Andrew Campbell,27,D,TOR,6,0,1,1,0,2,0,0,0,0,1,0,0,1,0.0,70,11:35,10,5,0,0,,0.2
108,Brian Campbell,36,D,FLA,82,6,25,31,31,26,5,0,1,1,17,8,0,99,6.1,1827,22:17,80,27,0,0,,7.8
109,Gregory Campbell,32,C,CBJ,82,3,8,11,-6,78,3,0,0,2,8,0,0,58,5.2,866,10:34,56,100,229,253,47.5,-0.2
110,Paul Carey,27,C,WSH,4,1,0,1,0,0,1,0,0,0,0,0,0,5,20.0,40,9:58,1,6,0,0,,0.2
111,Matt Carle,31,D,TBL,64,2,7,9,4,26,2,0,0,1,7,0,0,54,3.7,1074,16:47,91,30,0,0,,2.6
112,John Carlson,26,D,WSH,56,8,31,39,16,14,6,2,0,4,18,12,1,124,6.5,1327,23:42,114,46,0,0,,7.7
113,Jordan Caron,25,RW,STL,4,0,0,0,-3,0,0,0,0,0,0,0,0,1,0.0,33,8:08,0,6,0,0,,-0.2
114,Ryan Carpenter,25,C,SJS,1,0,0,0,0,0,0,0,0,0,0,0,0,0,,7,7:27,0,1,0,2,0.0,0.0
115,Daniel Carr,24,LW,MTL,23,6,3,9,0,8,5,1,0,1,3,0,0,39,15.4,278,12:04,5,25,0,0,,1.2
116,Connor Carrick,21,D,TOT,19,2,2,4,-5,15,2,0,0,1,1,1,0,21,9.5,295,15:32,19,38,0,0,,0.5
117,Connor Carrick,21,D,TOR,16,2,2,4,-3,15,2,0,0,1,1,1,0,19,10.5,265,16:33,16,33,0,0,,0.7
118,Connor Carrick,21,D,WSH,3,0,0,0,-2,0,0,0,0,0,0,0,0,2,0.0,30,10:07,3,5,0,0,,-0.1
119,Sam Carrick,23,C,TOR,3,0,0,0,-2,4,0,0,0,0,0,0,0,4,0.0,34,11:28,0,4,1,0,100.0,-0.1
120,Trevor Carrick,21,D,CAR,2,0,0,0,-1,0,0,0,0,0,0,0,0,3,0.0,33,16:40,2,1,0,0,,0.0
121,Jeff Carter,31,C,LAK,77,24,38,62,18,20,19,4,1,6,29,8,1,242,9.9,1416,18:23,39,89,598,630,48.7,8.0
122,Ryan Carter,32,LW,MIN,60,7,5,12,-3,48,6,0,1,0,5,0,0,62,11.3,668,11:08,37,87,21,17,55.3,1.0
123,Daniel Catenacci,22,C,BUF,11,0,0,0,-2,0,0,0,0,0,0,0,0,7,0.0,96,8:44,2,22,2,0,100.0,-0.2
124,Cody Ceci,22,D,OTT,75,10,16,26,9,18,10,0,0,2,14,2,0,116,8.6,1448,19:18,130,70,0,0,,5.2
125,Michael Chaput,23,C,CBJ,8,1,1,2,3,5,1,0,0,0,1,0,0,10,10.0,72,9:00,3,13,49,26,65.3,0.3
126,Zdeno Chara,38,D,BOS,80,9,28,37,12,71,8,1,0,3,17,9,2,158,5.7,1928,24:06,123,134,0,1,0.0,7.3
127,Ben Chiarot,24,D,WPG,70,1,9,10,-9,43,1,0,0,0,9,0,0,74,1.4,1012,14:27,105,130,0,0,,1.1
128,Alex Chiasson,25,RW,OTT,77,8,6,14,2,45,5,2,1,1,6,0,0,88,9.1,1050,13:38,28,103,3,2,60.0,0.6
129,Jason Chimera,36,LW,WSH,82,20,20,40,0,22,14,4,2,3,15,5,0,165,12.1,1152,14:03,13,103,8,20,28.6,4.7
130,Kyle Chipchura,29,C,ARI,70,4,8,12,-10,38,4,0,0,1,7,1,0,47,8.5,716,10:13,13,73,88,80,52.4,0.2
131,Taylor Chorney,28,D,WSH,55,1,5,6,8,21,1,0,0,0,5,0,0,28,3.6,726,13:11,58,56,0,0,,2.0
132,Casey Cizikas,24,C,NYI,80,8,21,29,4,31,7,0,1,4,20,0,2,84,9.5,1015,12:41,62,158,469,490,48.9,2.6
133,Fredrik Claesson,23,D,OTT,16,0,2,2,-6,2,0,0,0,0,2,0,0,15,0.0,309,19:17,30,33,0,0,,-0.2
134,David Clarkson,31,RW,CBJ,23,2,2,4,-8,23,2,0,0,1,2,0,0,24,8.3,212,9:13,6,45,2,10,16.7,0.0
135,Adam Clendening,23,D,TOT,29,1,6,7,6,20,1,0,0,0,6,0,0,43,2.3,429,14:48,34,19,0,0,,1.8
136,Adam Clendening,23,D,EDM,20,1,5,6,3,10,1,0,0,0,5,0,0,32,3.1,311,15:33,30,15,0,0,,1.4
137,Adam Clendening,23,D,PIT,9,0,1,1,3,10,0,0,0,0,1,0,0,11,0.0,118,13:08,4,4,0,0,,0.4
138,Kyle Clifford,25,LW,LAK,56,3,6,9,-1,55,3,0,0,0,6,0,0,68,4.4,524,9:21,11,111,3,4,42.9,0.4
139,Rich Clune,28,LW,TOR,19,0,4,4,1,22,0,0,0,0,4,0,0,10,0.0,154,8:06,5,58,0,0,,0.2
140,Cal Clutterbuck,28,RW,NYI,77,15,8,23,7,22,13,0,2,5,7,0,1,80,18.8,918,11:55,34,288,1,2,33.3,3.1
141,Braydon Coburn,30,D,TBL,80,1,9,10,12,53,1,0,0,0,8,0,1,92,1.1,1340,16:45,88,111,0,0,,3.6
142,Andrew Cogliano,28,LW,ANA,82,9,23,32,2,28,7,0,2,3,22,0,1,131,6.9,1183,14:26,27,124,6,11,35.3,3.0
143,Carlo Colaiacovo,33,D,BUF,36,1,4,5,-11,10,1,0,0,0,3,1,0,29,3.4,521,14:28,41,36,0,0,,0.4
144,Joe Colborne,26,C,CGY,73,19,25,44,-9,27,16,3,0,2,23,2,0,100,19.0,1107,15:10,28,122,85,70,54.8,4.6
145,Ian Cole,26,D,PIT,70,0,12,12,-3,59,0,0,0,0,11,1,0,72,0.0,1207,17:14,122,122,0,0,,1.8
146,Sean Collins,27,C,WSH,2,0,0,0,-1,2,0,0,0,0,0,0,0,0,,17,8:32,2,0,0,0,,-0.1
147,Blake Comeau,29,LW,COL,81,12,24,36,-9,58,8,2,2,3,18,6,0,142,8.5,1428,17:38,35,173,276,290,48.8,2.6
148,Erik Condra,29,RW,TBL,54,6,5,11,-4,34,6,0,0,0,5,0,0,58,10.3,578,10:42,16,20,1,2,33.3,0.8
149,Kevin Connauton,25,D,TOT,65,5,12,17,7,60,5,0,0,0,9,3,0,109,4.6,1088,16:44,58,100,0,0,,3.9
150,Kevin Connauton,25,D,ARI,38,4,5,9,-3,39,4,0,0,0,4,1,0,65,6.2,667,17:33,43,76,0,0,,1.7
151,Kevin Connauton,25,D,CBJ,27,1,7,8,10,21,1,0,0,0,5,2,0,44,2.3,421,15:35,15,24,0,0,,2.2
152,Brett Connolly,23,RW,BOS,71,9,16,25,-1,20,7,2,0,2,13,3,0,95,9.5,920,12:58,36,137,14,17,45.2,2.2
153,Andrew Copp,21,C,WPG,77,7,6,13,8,6,7,0,0,0,6,0,0,54,13.0,616,8:00,18,87,224,262,46.1,1.5
154,Patrice Cormier,25,C,WPG,2,0,0,0,0,0,0,0,0,0,0,0,0,1,0.0,9,4:30,0,1,3,6,33.3,0.0
155,Frank Corrado,22,D,TOR,39,1,5,6,-12,26,1,0,0,0,4,1,0,46,2.2,564,14:27,37,46,0,0,,0.4
156,Nick Cousins,22,C,PHI,36,6,5,11,5,4,6,0,0,1,3,2,0,41,14.6,386,10:44,17,38,109,128,46.0,1.5
157,Logan Couture,26,C,SJS,52,15,21,36,2,20,10,5,0,4,11,10,0,137,10.9,904,17:23,38,29,271,305,47.0,4.3
158,Sean Couturier,23,C,PHI,63,11,28,39,8,30,9,2,0,1,22,5,1,119,9.2,1172,18:36,30,31,537,568,48.6,4.0
159,Jared Cowen,25,D,OTT,37,0,4,4,7,16,0,0,0,0,4,0,0,23,0.0,628,16:59,58,116,0,0,,1.2
160,Charlie Coyle,23,C,MIN,82,21,21,42,1,16,19,2,0,4,16,4,1,140,15.0,1419,17:18,60,130,228,274,45.4,4.9
161,Adam Cracknell,30,RW,TOT,52,5,5,10,-1,20,5,0,0,1,5,0,0,68,7.4,636,12:14,25,124,156,239,39.5,0.7
162,Adam Cracknell,30,RW,VAN,44,5,5,10,1,14,5,0,0,1,5,0,0,55,9.1,546,12:24,22,94,152,230,39.8,0.9
163,Adam Cracknell,30,RW,EDM,8,0,0,0,-2,6,0,0,0,0,0,0,0,13,0.0,90,11:18,3,30,4,9,30.8,-0.2
164,Sidney Crosby,28,C,PIT,80,36,49,85,19,42,26,10,0,9,35,14,0,248,14.5,1638,20:28,35,90,986,921,51.7,11.5
165,Tommy Cross,26,D,BOS,3,0,1,1,-1,0,0,0,0,0,0,0,1,0,,39,13:05,1,3,0,0,,0.0
166,Matt Cullen,39,C,PIT,82,16,16,32,5,20,13,0,3,4,13,0,3,118,13.6,1138,13:53,41,40,582,462,55.7,3.6
167,Craig Cunningham,25,RW,ARI,10,0,1,1,-1,2,0,0,0,0,1,0,0,13,0.0,101,10:05,4,15,2,1,66.7,-0.1
168,Klas Dahlbeck,24,D,ARI,71,2,6,8,-5,28,2,0,0,0,5,0,1,64,3.1,1117,15:44,76,178,0,0,,1.5
169,Trevor Daley,32,D,TOT,82,6,22,28,9,34,5,1,0,0,14,8,0,130,4.6,1512,18:26,79,42,0,1,0.0,5.6
170,Trevor Daley,32,D,PIT,53,6,16,22,8,26,5,1,0,0,10,6,0,87,6.9,1084,20:27,60,23,0,0,,4.5
171,Trevor Daley,32,D,CHI,29,0,6,6,1,8,0,0,0,0,4,2,0,43,0.0,428,14:46,19,19,0,1,0.0,1.1
172,Zac Dalpe,26,C,MIN,2,1,0,1,0,0,1,0,0,0,0,0,0,3,33.3,21,10:15,0,3,11,6,64.7,0.2
173,Phillip Danault,22,C,TOT,51,4,6,10,-5,14,4,0,0,1,6,0,0,72,5.6,651,12:45,28,45,247,272,47.6,0.3
174,Phillip Danault,22,C,CHI,30,1,4,5,-3,6,1,0,0,1,4,0,0,48,2.1,385,12:51,17,33,163,206,44.2,-0.1
175,Phillip Danault,22,C,MTL,21,3,2,5,-2,8,3,0,0,0,2,0,0,24,12.5,265,12:38,11,12,84,66,56.0,0.4
176,Marko Dano,21,C,TOT,34,5,5,10,-7,10,5,0,0,0,4,1,0,54,9.3,417,12:15,15,62,2,4,33.3,0.7
177,Marko Dano,21,C,WPG,21,4,4,8,-7,8,4,0,0,0,3,1,0,39,10.3,291,13:50,8,47,1,1,50.0,0.6
178,Marko Dano,21,C,CHI,13,1,1,2,0,2,1,0,0,0,1,0,0,15,6.7,126,9:41,7,15,1,3,25.0,0.1
179,Pavel Datsyuk,37,C,DET,66,16,33,49,7,14,8,8,0,1,21,12,0,181,8.8,1297,19:39,33,70,599,517,53.7,5.6
180,Laurent Dauphin,20,C,ARI,8,1,0,1,0,4,1,0,0,0,0,0,0,7,14.3,91,11:19,7,6,32,41,43.8,0.1
181,Brandon Davidson,24,D,EDM,51,4,7,11,7,20,2,2,0,0,6,0,1,63,6.3,979,19:12,92,74,0,0,,3.4
182,Calvin de Haan,24,D,NYI,72,2,14,16,3,20,2,0,0,0,13,1,0,102,2.0,1486,20:38,198,128,0,1,0.0,3.6
183,Jacob de La Rose,20,LW,MTL,22,0,1,1,-6,6,0,0,0,0,1,0,0,20,0.0,274,12:26,19,39,67,63,51.5,-0.6
184,Chase De Leo,20,C,WPG,2,0,0,0,1,0,0,0,0,0,0,0,0,2,0.0,19,9:25,0,0,1,0,100.0,0.0
185,Danny DeKeyser,25,D,DET,78,8,12,20,2,44,8,0,0,3,12,0,0,72,11.1,1701,21:48,107,88,0,0,,5.2
186,Michael Del Zotto,25,D,PHI,52,4,9,13,-8,16,4,0,0,1,8,1,0,98,4.1,1217,23:25,104,140,0,0,,2.3
187,Dylan DeMelo,22,D,SJS,45,2,2,4,0,14,0,2,0,0,0,2,0,42,4.8,613,13:37,35,39,0,0,,1.2
188,Jason Demers,27,D,DAL,62,7,16,23,16,72,3,3,1,1,14,2,0,94,7.4,1294,20:52,73,86,0,0,,5.2
189,David Desharnais,29,C,MTL,65,11,18,29,-6,20,8,3,0,4,16,2,0,90,12.2,1040,16:00,25,31,391,412,48.7,2.5
190,Andrew Desjardins,29,LW,CHI,77,8,5,13,-8,30,8,0,0,1,5,0,0,96,8.3,1030,13:23,49,102,43,44,49.4,0.3
191,Nicolas Deslauriers,24,LW,BUF,70,6,6,12,-14,59,6,0,0,1,6,0,0,72,8.3,723,10:20,30,206,0,1,0.0,0.4
192,Simon Despres,24,D,ANA,32,0,4,4,2,8,0,0,0,0,3,1,0,32,0.0,628,19:38,71,67,0,0,,1.5
193,Phillip Di Giuseppe,22,LW,CAR,41,7,10,17,0,18,7,0,0,1,10,0,0,68,10.3,585,14:16,21,113,7,13,35.0,1.9
194,Jason Dickinson,20,C,DAL,1,1,0,1,1,0,1,0,0,0,0,0,0,2,50.0,12,11:55,1,0,1,6,14.3,0.2
195,Darren Dietz,22,D,MTL,13,1,4,5,-1,13,1,0,0,0,4,0,0,13,7.7,189,14:32,14,38,0,0,,0.8
196,Brenden Dillon,25,D,SJS,76,2,9,11,8,61,2,0,0,1,9,0,0,93,2.2,1268,16:41,89,154,0,0,,3.3
197,Shane Doan,39,RW,ARI,72,28,19,47,4,98,16,12,0,4,14,5,0,170,16.5,1267,17:36,15,115,74,69,51.7,6.5
198,Max Domi,20,LW,ARI,81,18,34,52,3,72,15,3,0,0,21,12,1,156,11.5,1326,16:22,25,34,20,35,36.4,5.8
199,Joonas Donskoi,23,RW,SJS,76,11,25,36,4,20,8,3,0,1,20,5,0,107,10.3,1076,14:09,46,31,2,1,66.7,3.7
200,Derek Dorsett,29,RW,VAN,71,5,11,16,-13,177,5,0,0,0,10,0,1,91,5.5,894,12:35,44,127,3,7,30.0,0.5
201,Drew Doughty,26,D,LAK,82,14,37,51,24,52,4,9,1,3,21,15,1,197,7.1,2297,28:01,105,125,0,0,,11.6
202,Nic Dowd,25,C,LAK,5,0,0,0,1,2,0,0,0,0,0,0,0,3,0.0,53,10:35,0,6,18,16,52.9,0.0
203,Steve Downie,28,RW,ARI,26,3,3,6,1,53,3,0,0,0,3,0,0,22,13.6,234,9:00,7,29,2,2,50.0,0.7
204,Leon Draisaitl,20,C,EDM,72,19,32,51,-2,20,14,5,0,2,28,4,0,133,14.3,1300,18:03,18,38,502,536,48.4,5.8
205,Jonathan Drouin,20,LW,TBL,21,4,6,10,1,4,4,0,0,1,4,2,0,25,16.0,303,14:27,2,18,9,10,47.4,1.2
206,Brandon Dubinsky,29,C,CBJ,75,17,31,48,-16,71,12,5,0,3,26,5,0,158,10.8,1407,18:46,40,235,780,704,52.6,4.3
207,Matt Duchene,25,C,COL,76,30,29,59,-8,24,22,8,0,6,22,7,0,200,15.0,1413,18:35,37,41,428,311,57.9,7.2
208,Anthony Duclair,20,LW,ARI,81,20,24,44,12,49,12,8,0,2,20,4,0,105,19.0,1164,14:22,27,27,0,1,0.0,5.8
209,Mathew Dumba,21,D,MIN,81,10,16,26,1,38,4,6,0,3,10,6,0,152,6.6,1364,16:50,56,83,0,0,,5.6
210,Brian Dumoulin,24,D,PIT,79,0,16,16,11,14,0,0,0,0,16,0,0,101,0.0,1492,18:53,68,77,1,0,100.0,3.7
211,Pascal Dupuis,36,RW,PIT,18,2,2,4,-1,12,2,0,0,0,2,0,0,28,7.1,272,15:06,12,35,2,1,66.7,0.1
212,Ryan Dzingel,23,LW,OTT,30,3,6,9,4,11,3,0,0,0,6,0,0,23,13.0,324,10:48,4,54,2,2,50.0,0.9
213,David Dziurzynski,26,LW,OTT,14,1,3,4,-4,9,1,0,0,0,3,0,0,14,7.1,141,10:05,7,55,3,4,42.9,0.1
214,Cody Eakin,24,C,DAL,82,16,19,35,3,42,11,2,3,1,16,2,1,132,12.1,1342,16:22,47,98,567,621,47.7,3.4
215,Patrick Eaves,31,RW,DAL,54,11,6,17,-5,27,6,5,0,2,4,2,0,86,12.8,700,12:58,20,70,3,8,27.3,1.7
216,Jordan Eberle,25,RW,EDM,69,25,22,47,-12,14,18,7,0,4,18,4,0,173,14.5,1232,17:51,23,28,5,3,62.5,5.7
217,Alexander Edler,29,D,VAN,52,6,14,20,-8,46,3,3,0,0,8,6,0,111,5.4,1272,24:27,106,84,0,0,,3.8
218,Joel Edmundson,22,D,STL,67,1,8,9,0,63,1,0,0,0,8,0,0,90,1.1,1000,14:56,62,165,0,0,,2.2
219,Nikolaj Ehlers,19,RW,WPG,72,15,23,38,3,21,11,4,0,0,16,7,0,167,9.0,1159,16:06,25,29,0,2,0.0,4.1
220,Christian Ehrhoff,33,D,TOT,48,2,10,12,-11,34,2,0,0,0,2,8,0,80,2.5,743,15:29,35,39,0,0,,1.3
221,Christian Ehrhoff,33,D,LAK,40,2,8,10,-10,32,2,0,0,0,1,7,0,61,3.3,607,15:10,28,34,0,0,,1.1
222,Christian Ehrhoff,33,D,CHI,8,0,2,2,-1,2,0,0,0,0,1,1,0,19,0.0,136,17:03,7,5,0,0,,0.3
223,Jack Eichel,19,C,BUF,81,24,32,56,-16,22,16,8,0,5,19,13,0,238,10.1,1549,19:07,25,43,402,578,41.0,6.3
224,Aaron Ekblad,19,D,FLA,78,15,21,36,18,41,12,3,0,4,15,6,0,182,8.2,1691,21:41,59,87,0,0,,8.2
225,Mattias Ekholm,25,D,NSH,82,8,27,35,14,44,6,1,1,3,22,4,1,114,7.0,1660,20:15,106,67,0,0,,7.8
226,Oliver Ekman-Larsson,24,D,ARI,75,21,34,55,-6,96,9,12,0,8,19,15,0,228,9.2,1858,24:46,67,154,0,0,,9.5
227,Patrik Elias,39,C,NJD,16,2,6,8,5,10,2,0,0,0,4,2,0,21,9.5,247,15:26,1,10,9,19,32.1,1.0
228,Lars Eller,26,C,MTL,79,13,13,26,-13,28,11,1,1,2,13,0,0,149,8.7,1205,15:15,36,111,207,202,50.6,1.8
229,Stefan Elliott,25,D,TOT,21,2,4,6,-3,4,2,0,0,0,4,0,0,37,5.4,298,14:10,18,12,0,0,,0.9
230,Stefan Elliott,25,D,ARI,19,2,4,6,-2,4,2,0,0,0,4,0,0,35,5.7,270,14:14,16,10,0,0,,0.9
231,Stefan Elliott,25,D,NSH,2,0,0,0,-1,0,0,0,0,0,0,0,0,2,0.0,27,13:31,2,2,0,0,,-0.1
232,Morgan Ellis,23,D,MTL,3,0,0,0,0,2,0,0,0,0,0,0,0,3,0.0,27,8:57,2,1,0,0,,0.0
233,Ryan Ellis,25,D,NSH,79,10,22,32,13,35,6,3,1,2,18,4,0,152,6.6,1651,20:54,100,61,0,0,,7.6
234,Turner Elson,23,LW,CGY,1,0,1,1,1,0,0,0,0,0,1,0,0,0,,15,14:54,0,2,0,0,,0.1
235,Alexei Emelin,29,D,MTL,72,0,12,12,-7,71,0,0,0,0,12,0,0,71,0.0,1476,20:30,113,256,0,0,,2.1
236,Deryk Engelland,33,D,CGY,69,3,9,12,7,54,3,0,0,0,8,0,1,71,4.2,1051,15:14,107,105,0,0,,2.8
237,Tyler Ennis,26,C,BUF,23,3,8,11,-9,11,1,2,0,0,6,2,0,57,5.3,416,18:04,8,30,2,0,100.0,0.6
238,Toby Enstrom,31,D,WPG,72,2,14,16,8,44,2,0,0,0,13,1,0,50,4.0,1502,20:51,96,25,0,0,,3.6
239,Jonathan Ericsson,31,D,DET,71,3,12,15,2,56,3,0,0,0,12,0,0,68,4.4,1316,18:32,48,121,0,0,,3.7
240,Loui Eriksson,30,RW,BOS,82,30,33,63,13,12,18,10,2,5,25,7,1,184,16.3,1598,19:29,34,22,12,9,57.1,8.2
241,Emerson Etem,23,RW,TOT,58,7,8,15,-12,11,7,0,0,1,8,0,0,100,7.0,763,13:09,43,87,2,2,50.0,0.7
242,Emerson Etem,23,RW,VAN,39,7,5,12,-8,9,7,0,0,1,5,0,0,77,9.1,552,14:10,36,61,1,1,50.0,1.0
243,Emerson Etem,23,RW,NYR,19,0,3,3,-4,2,0,0,0,0,3,0,0,23,0.0,210,11:05,7,26,1,1,50.0,-0.2
244,Dennis Everberg,24,RW,COL,15,0,0,0,-5,0,0,0,0,0,0,0,0,9,0.0,134,8:57,12,11,0,0,,-0.4
245,Robby Fabbri,20,C,STL,72,18,19,37,-2,25,16,2,0,3,13,6,0,114,15.8,959,13:19,9,51,6,9,40.0,4.6
246,Radek Faksa,22,C,DAL,45,5,7,12,9,16,5,0,0,1,6,1,0,67,7.5,556,12:21,33,48,197,204,49.1,1.3
247,Justin Falk,27,D,CBJ,24,0,4,4,2,17,0,0,0,0,4,0,0,16,0.0,341,14:14,38,37,0,0,,0.9
248,Bobby Farnham,27,RW,TOT,53,8,2,10,-2,97,8,0,0,0,2,0,0,50,16.0,494,9:19,19,93,2,2,50.0,1.3
249,Bobby Farnham,27,RW,NJD,50,8,2,10,-2,92,8,0,0,0,2,0,0,48,16.7,474,9:28,19,83,2,2,50.0,1.4
250,Bobby Farnham,27,RW,PIT,3,0,0,0,0,5,0,0,0,0,0,0,0,2,0.0,20,6:41,0,10,0,0,,0.0
251,Hudson Fasching,20,RW,BUF,7,1,1,2,2,4,1,0,0,0,1,0,0,9,11.1,81,11:31,1,8,0,0,,0.3
252,Jesper Fast,24,RW,NYR,79,10,20,30,9,18,10,0,0,3,20,0,0,75,13.3,1180,14:56,55,109,1,5,16.7,2.7
253,Justin Faulk,23,D,CAR,64,16,21,37,-22,27,4,12,0,4,16,5,0,184,8.7,1539,24:03,65,109,0,1,0.0,6.4
254,Mark Fayne,28,D,EDM,69,2,5,7,-6,18,2,0,0,0,4,0,1,61,3.3,1153,16:43,100,53,0,0,,1.8
255,Taylor Fedun,27,D,VAN,1,0,1,1,1,0,0,0,0,0,1,0,0,0,,19,18:48,3,3,0,0,,0.2
256,Eric Fehr,30,C,PIT,55,8,6,14,0,19,4,0,4,2,5,1,0,74,10.8,718,13:03,45,60,107,135,44.2,1.2
257,Andrew Ference,36,D,EDM,6,0,0,0,-4,6,0,0,0,0,0,0,0,4,0.0,78,13:04,5,10,0,0,,-0.3
258,Micheal Ferland,23,LW,CGY,71,4,14,18,-15,45,3,1,0,0,13,1,0,122,3.3,896,12:37,22,207,7,5,58.3,0.2
259,Landon Ferraro,24,C,TOT,68,5,5,10,-11,27,5,0,0,1,5,0,0,77,6.5,722,10:37,29,101,29,57,33.7,0.0
260,Landon Ferraro,24,C,BOS,58,5,5,10,-8,20,5,0,0,1,5,0,0,65,7.7,626,10:48,24,79,28,54,34.1,0.2
261,Landon Ferraro,24,C,DET,10,0,0,0,-3,7,0,0,0,0,0,0,0,12,0.0,96,9:33,5,22,1,3,25.0,-0.3
262,Kevin Fiala,19,LW,NSH,5,1,0,1,0,0,1,0,0,0,0,0,0,11,9.1,66,13:09,2,2,0,0,,0.1
263,Vernon Fiddler,35,C,DAL,82,12,10,22,5,31,9,1,2,0,7,1,2,98,12.2,954,11:38,39,42,455,442,50.7,2.3
264,Valtteri Filppula,31,C,TBL,76,8,23,31,-6,46,6,1,1,2,16,7,0,101,7.9,1388,18:15,25,30,632,584,52.0,2.0
265,Mike Fisher,35,C,NSH,70,13,10,23,-14,29,10,3,0,2,7,2,1,98,13.3,1201,17:10,74,142,668,582,53.4,1.5
266,Tomas Fleischmann,31,LW,TOT,76,14,11,25,-8,32,13,0,1,3,10,1,0,123,11.4,1156,15:13,19,40,24,19,55.8,2.1
267,Tomas Fleischmann,31,LW,MTL,57,10,10,20,-1,28,9,0,1,3,9,1,0,100,10.0,887,15:33,16,30,12,14,46.2,1.8
268,Tomas Fleischmann,31,LW,CHI,19,4,1,5,-7,4,4,0,0,0,1,0,0,23,17.4,270,14:11,3,10,12,5,70.6,0.3
269,Brian Flynn,27,C,MTL,56,4,6,10,-3,6,3,0,1,0,5,0,1,73,5.5,657,11:44,33,23,200,146,57.8,0.3
270,Marcus Foligno,24,LW,BUF,75,10,13,23,4,79,8,0,2,2,11,2,0,81,12.3,989,13:11,44,193,1,3,25.0,2.5
271,Nick Foligno,28,LW,CBJ,72,12,25,37,-14,53,12,0,0,2,12,13,0,149,8.1,1216,16:54,46,152,83,93,47.2,2.9
272,Christian Folin,24,D,MIN,26,0,4,4,-1,11,0,0,0,0,4,0,0,14,0.0,379,14:35,30,38,0,0,,0.8
273,Justin Fontaine,28,RW,MIN,60,5,11,16,3,20,5,0,0,1,10,0,1,54,9.3,711,11:51,24,9,1,3,25.0,1.4
274,Derek Forbort,23,D,LAK,14,1,1,2,-1,17,1,0,0,0,1,0,0,14,7.1,155,11:03,7,9,0,0,,0.4
275,Filip Forsberg,21,LW,NSH,82,33,31,64,1,47,24,8,1,3,16,15,0,247,13.4,1562,19:03,41,114,2,7,22.2,8.5
276,Cam Fowler,24,D,ANA,69,5,23,28,-8,27,2,3,0,0,9,14,0,113,4.4,1572,22:47,112,43,0,0,,5.2
277,Cody Franson,28,D,BUF,59,4,13,17,-5,26,3,1,0,1,7,6,0,92,4.3,993,16:50,56,61,0,0,,3.3
278,Johan Franzen,36,RW,DET,2,0,1,1,0,2,0,0,0,0,0,1,0,3,0.0,26,12:57,0,3,0,1,0.0,0.1
279,Max Friberg,23,LW,ANA,5,0,0,0,-1,2,0,0,0,0,0,0,0,1,0.0,44,8:50,2,7,0,0,,-0.1
280,Alex Friesen,25,C,VAN,1,0,0,0,-2,0,0,0,0,0,0,0,0,1,0.0,12,11:43,0,1,0,1,0.0,-0.1
281,Byron Froese,24,C,TOR,56,2,3,5,-11,16,2,0,0,0,3,0,0,64,3.1,707,12:38,23,51,310,332,48.3,-0.8
282,Michael Frolik,27,RW,CGY,64,15,17,32,1,24,13,0,2,4,14,1,2,155,9.7,1012,15:49,44,49,5,5,50.0,3.4
283,Marian Gaborik,33,RW,LAK,54,12,10,22,-6,20,11,1,0,3,7,3,0,142,8.5,807,14:57,17,29,1,2,33.3,2.2
284,Kurtis Gabriel,22,RW,MIN,3,0,0,0,1,10,0,0,0,0,0,0,0,1,0.0,13,4:30,0,4,0,0,,0.0
285,Sam Gagner,26,C,PHI,53,8,8,16,4,25,6,2,0,2,7,1,0,86,9.3,735,13:52,15,17,34,63,35.1,1.6
286,Alex Galchenyuk,21,C,MTL,82,30,26,56,-8,20,21,9,0,4,19,7,0,201,14.9,1333,16:16,36,62,359,390,47.9,7.0
287,Stanislav Galiev,24,RW,WSH,24,0,3,3,2,4,0,0,0,0,3,0,0,30,0.0,219,9:07,4,14,0,0,,0.0
288,Brendan Gallagher,23,RW,MTL,53,19,21,40,13,24,12,7,0,0,18,3,0,173,11.0,879,16:35,25,43,12,17,41.4,5.6
289,Ryan Garbutt,30,C,TOT,80,7,7,14,-11,48,6,0,1,3,7,0,0,135,5.2,867,10:50,28,165,1,7,12.5,0.5
290,Ryan Garbutt,30,C,CHI,43,2,4,6,-7,27,2,0,0,1,4,0,0,83,2.4,444,10:20,10,94,0,2,0.0,-0.2
291,Ryan Garbutt,30,C,ANA,37,5,3,8,-4,21,4,0,1,2,3,0,0,52,9.6,423,11:26,18,71,1,5,16.7,0.7
292,Jake Gardiner,25,D,TOR,79,7,24,31,-15,32,6,1,0,2,12,11,1,122,5.7,1629,20:37,67,87,2,0,100.0,4.7
293,Jason Garrison,31,D,TBL,72,5,6,11,-4,18,5,0,0,1,6,0,0,99,5.1,1329,18:28,105,88,0,0,,2.8
294,Tyler Gaudet,22,C,ARI,14,1,2,3,-2,0,1,0,0,0,2,0,0,6,16.7,148,10:36,4,23,43,49,46.7,0.1
295,Johnny Gaudreau,22,LW,CGY,79,30,48,78,4,20,24,6,0,6,33,15,0,217,13.8,1575,19:56,10,26,2,3,40.0,9.2
296,Brendan Gaunce,21,C,VAN,20,1,0,1,-9,2,1,0,0,0,0,0,0,34,2.9,255,12:46,3,34,49,58,45.8,-0.5
297,Paul Gaustad,33,C,NSH,63,2,4,6,-4,46,1,0,1,0,3,0,1,46,4.3,708,11:15,33,114,427,345,55.3,-0.4
298,Frederik Gauthier,20,C,TOR,7,0,1,1,-5,0,0,0,0,0,0,0,1,3,0.0,97,13:51,7,10,52,58,47.3,-0.3
299,Luke Gazdic,26,LW,EDM,29,1,0,1,-6,24,1,0,0,0,0,0,0,18,5.6,180,6:12,9,35,0,1,0.0,-0.3
300,Eric Gelinas,24,D,TOT,40,1,5,6,-6,16,0,1,0,0,2,3,0,55,1.8,553,13:50,23,61,0,0,,1.2
301,Eric Gelinas,24,D,NJD,34,1,5,6,-8,16,0,1,0,0,2,3,0,45,2.2,477,14:02,20,51,0,0,,0.9
302,Eric Gelinas,24,D,COL,6,0,0,0,2,0,0,0,0,0,0,0,0,10,0.0,76,12:42,3,10,0,0,,0.2
303,Nathan Gerbe,28,LW,CAR,47,3,4,7,-15,14,3,0,0,0,3,1,0,73,4.1,633,13:28,10,54,2,3,40.0,-0.4
304,Ryan Getzlaf,30,C,ANA,77,13,50,63,14,55,7,6,0,5,33,16,1,178,7.3,1502,19:30,61,108,602,617,49.4,7.0
305,Tom Gilbert,33,D,MTL,45,1,1,2,3,12,1,0,0,0,0,0,1,36,2.8,759,16:52,88,29,0,0,,1.3
306,Brian Gionta,37,RW,BUF,79,12,21,33,-5,12,11,1,0,2,16,5,0,169,7.1,1401,17:44,36,46,54,66,45.0,2.9
307,Stephen Gionta,32,C,NJD,82,1,10,11,-13,43,1,0,0,0,10,0,0,62,1.6,1001,12:13,36,113,291,400,42.1,-0.5
308,Mark Giordano,32,D,CGY,82,21,35,56,-5,54,11,9,1,2,23,10,2,212,9.9,2032,24:47,193,65,0,0,,9.2
309,Dan Girardi,31,D,NYR,74,2,15,17,18,20,2,0,0,1,14,0,1,77,2.6,1504,20:19,195,168,0,0,,4.3
310,Zemgus Girgensons,22,C,BUF,71,7,11,18,0,20,6,1,0,1,9,1,1,110,6.4,1068,15:02,41,125,153,182,45.7,1.3
311,Claude Giroux,28,C,PHI,78,22,45,67,-8,53,15,6,1,5,23,21,1,241,9.1,1603,20:33,36,83,1083,798,57.6,6.9
312,Tanner Glass,32,LW,NYR,57,4,3,7,-3,66,4,0,0,0,3,0,0,49,8.2,586,10:17,18,224,6,14,30.0,0.0
313,Luke Glendening,26,C,DET,81,8,13,21,4,46,8,0,0,3,13,0,0,88,9.1,1181,14:35,71,143,614,511,54.6,1.5
314,Nikolay Goldobin,20,LW,SJS,9,1,1,2,1,0,1,0,0,0,1,0,0,7,14.3,101,11:11,1,0,0,0,,0.2
315,Alex Goligoski,30,D,DAL,82,5,32,37,21,34,4,1,0,1,27,4,1,127,3.9,1954,23:50,159,100,0,0,,7.2
316,Cody Goloubef,26,D,CBJ,43,1,7,8,-3,20,1,0,0,0,7,0,0,40,2.5,650,15:08,48,31,0,0,,1.3
317,Scott Gomez,36,C,TOT,34,1,8,9,-7,6,1,0,0,1,4,4,0,20,5.0,385,11:20,10,3,125,152,45.1,0.2
318,Scott Gomez,36,C,STL,21,1,7,8,-4,4,1,0,0,1,3,4,0,10,10.0,236,11:15,6,1,70,89,44.0,0.5
319,Scott Gomez,36,C,OTT,13,0,1,1,-3,2,0,0,0,0,1,0,0,10,0.0,149,11:28,4,2,55,63,46.6,-0.3
320,Barclay Goodrow,22,RW,SJS,14,0,3,3,1,16,0,0,0,0,2,0,1,7,0.0,144,10:16,4,8,4,2,66.7,0.2
321,Boyd Gordon,32,C,ARI,65,2,2,4,-7,10,1,0,1,0,2,0,0,53,3.8,793,12:12,51,21,525,383,57.8,-1.0
322,Josh Gorges,31,D,BUF,77,2,10,12,-7,72,2,0,0,0,10,0,0,57,3.5,1576,20:28,167,143,0,0,,3.1
323,Brandon Gormley,23,D,COL,26,0,1,1,-3,8,0,0,0,0,1,0,0,11,0.0,317,12:11,19,18,0,0,,0.2
324,Shayne Gostisbehere,22,D,PHI,64,17,29,46,8,24,9,8,0,5,15,14,0,152,11.2,1286,20:05,59,27,1,0,100.0,8.9
325,Yanni Gourde,24,C,TBL,2,0,1,1,1,2,0,0,0,0,1,0,0,0,,15,7:19,1,2,0,0,,0.1
326,Michael Grabner,28,RW,TOR,80,9,9,18,-4,12,8,0,1,2,9,0,0,116,7.8,1158,14:28,55,41,3,10,23.1,1.0
327,Mikhail Grabovski,32,C,NYI,58,9,16,25,3,33,8,1,0,2,14,2,0,83,10.8,818,14:06,26,28,221,242,47.7,2.6
328,Marc-Andre Gragnani,28,D,NJD,4,0,0,0,-2,2,0,0,0,0,0,0,0,0,,57,14:22,1,1,0,0,,-0.1
329,Petter Granberg,23,D,NSH,27,0,2,2,1,13,0,0,0,0,2,0,0,12,0.0,370,13:43,26,48,0,0,,0.7
330,Markus Granlund,22,C,TOT,47,6,4,10,-4,14,5,0,1,1,3,0,1,56,10.7,648,13:47,23,31,202,270,42.8,0.5
331,Markus Granlund,22,C,CGY,31,4,3,7,-1,8,3,0,1,0,2,0,1,37,10.8,402,12:58,15,21,126,156,44.7,0.4
332,Markus Granlund,22,C,VAN,16,2,1,3,-3,6,2,0,0,1,1,0,0,19,10.5,246,15:23,8,10,76,114,40.0,0.1
333,Mikael Granlund,23,C,MIN,82,13,31,44,-12,20,10,2,1,3,22,9,0,160,8.1,1486,18:07,56,86,528,556,48.7,3.6
334,Alex Grant,27,D,ARI,5,0,0,0,-2,7,0,0,0,0,0,0,0,4,0.0,66,13:14,2,7,0,0,,-0.1
335,Derek Grant,25,C,CGY,15,0,1,1,-7,2,0,0,0,0,1,0,0,22,0.0,163,10:53,11,25,61,50,55.0,-0.5
336,Tyler Graovac,22,C,MIN,2,0,0,0,-1,0,0,0,0,0,0,0,0,2,0.0,23,11:37,0,1,13,6,68.4,-0.1
337,Kevin Gravel,23,D,LAK,5,0,0,0,0,0,0,0,0,0,0,0,0,2,0.0,58,11:41,4,4,0,0,,0.1
338,Mike Green,30,D,DET,74,7,28,35,-6,38,2,5,0,0,13,15,0,124,5.6,1463,19:46,71,106,0,2,0.0,5.9
339,Andy Greene,33,D,NJD,82,4,9,13,7,26,3,1,0,0,8,1,0,63,6.3,1882,22:57,154,73,0,0,,5.7
340,Matt Greene,32,D,LAK,3,0,0,0,0,8,0,0,0,0,0,0,0,3,0.0,35,11:45,1,5,0,0,,0.0
341,Colin Greening,29,LW,TOT,31,7,8,15,-2,13,6,1,0,0,7,1,0,58,12.1,437,14:06,10,90,13,8,61.9,1.7
342,Colin Greening,29,LW,TOR,30,7,8,15,-2,13,6,1,0,0,7,1,0,56,12.5,433,14:26,10,87,13,8,61.9,1.7
343,Colin Greening,29,LW,OTT,1,0,0,0,0,0,0,0,0,0,0,0,0,2,0.0,4,4:00,0,3,0,0,,0.0
344,Alexandre Grenier,24,RW,VAN,6,0,0,0,-4,2,0,0,0,0,0,0,0,9,0.0,69,11:29,3,5,1,1,50.0,-0.3
345,Seth Griffith,23,C,BOS,4,0,1,1,-4,4,0,0,0,0,0,1,0,2,0.0,40,9:58,0,4,0,0,,-0.1
346,Mikhail Grigorenko,21,C,COL,74,6,21,27,2,8,5,1,0,0,18,3,0,84,7.1,982,13:16,39,23,150,199,43.0,2.2
347,Rocco Grimaldi,22,C,FLA,20,3,2,5,-4,2,3,0,0,0,2,0,0,29,10.3,237,11:52,2,17,47,61,43.5,0.3
348,Nicklas Grossmann,31,D,ARI,58,3,4,7,-3,24,3,0,0,1,4,0,0,42,7.1,1031,17:47,73,105,0,0,,1.6
349,Eric Gryba,27,D,EDM,53,1,5,6,0,75,1,0,0,0,5,0,0,58,1.7,948,17:53,78,132,0,0,,1.8
350,Radko Gudas,25,D,PHI,76,5,9,14,-3,116,5,0,0,1,9,0,0,150,3.3,1508,19:51,157,304,0,0,,3.2
351,Erik Gudbranson,24,D,FLA,64,2,7,9,3,49,2,0,0,0,7,0,0,73,2.7,1287,20:07,73,150,0,0,,2.1
352,Nate Guenin,33,D,COL,29,0,0,0,2,2,0,0,0,0,0,0,0,10,0.0,379,13:04,33,15,0,0,,0.5
353,Carl Gunnarsson,29,D,STL,72,3,6,9,7,31,2,1,0,0,6,0,0,51,5.9,1251,17:23,119,67,0,0,,3.3
354,Erik Gustafsson,23,D,CHI,41,0,14,14,11,4,0,0,0,0,13,1,0,58,0.0,633,15:27,37,29,0,0,,3.1
355,Carl Hagelin,27,LW,TOT,80,14,25,39,8,32,14,0,0,6,23,0,2,178,7.9,1257,15:42,33,84,6,8,42.9,4.3
356,Carl Hagelin,27,LW,ANA,43,4,8,12,-10,14,4,0,0,0,8,0,0,82,4.9,645,15:00,19,40,3,4,42.9,0.5
357,Carl Hagelin,27,LW,PIT,37,10,17,27,18,18,10,0,0,6,15,0,2,96,10.4,611,16:32,14,44,3,4,42.9,3.8
358,Ron Hainsey,34,D,CAR,81,5,14,19,-13,37,5,0,0,2,14,0,0,131,3.8,1808,22:19,126,85,0,0,,4.3
359,Micheal Haley,29,C,SJS,16,1,0,1,-2,48,1,0,0,0,0,0,0,10,10.0,114,7:06,4,39,11,8,57.9,0.0
360,Matt Halischuk,27,RW,WPG,30,0,3,3,1,4,0,0,0,0,3,0,0,39,0.0,284,9:27,11,38,1,2,33.3,-0.1
361,Taylor Hall,24,LW,EDM,82,26,39,65,-4,54,22,4,0,6,31,8,0,286,9.1,1575,19:12,50,82,14,25,35.9,7.6
362,Dan Hamhuis,33,D,VAN,58,3,10,13,-2,28,2,1,0,1,8,2,0,72,4.2,1242,21:25,72,64,0,0,,3.2
363,Dougie Hamilton,22,D,CGY,82,12,31,43,-14,46,7,5,0,3,20,11,0,190,6.3,1621,19:46,106,78,0,0,,5.7
364,Freddie Hamilton,24,C,CGY,4,1,1,2,1,0,0,0,1,0,1,0,0,7,14.3,51,12:42,2,8,12,9,57.1,0.3
365,Travis Hamonic,25,D,NYI,72,5,16,21,-5,35,4,0,1,1,16,0,0,147,3.4,1715,23:49,128,148,0,0,,4.0
366,Noah Hanifin,19,D,CAR,79,4,18,22,-14,22,3,1,0,0,12,6,0,122,3.3,1414,17:54,78,67,0,0,,3.8
367,Joel Hanley,24,D,MTL,10,0,6,6,0,0,0,0,0,0,6,0,0,10,0.0,160,16:00,19,6,0,0,,0.8
368,Markus Hannikainen,22,LW,CBJ,4,0,0,0,-2,0,0,0,0,0,0,0,0,3,0.0,29,7:09,0,7,0,0,,-0.1
369,Jannik Hansen,29,RW,VAN,67,22,16,38,16,32,20,1,1,5,16,0,0,117,18.8,1101,16:26,19,39,6,15,28.6,5.8
370,Martin Hanzal,28,C,ARI,64,13,28,41,-5,77,9,3,1,2,18,10,0,141,9.2,1139,17:48,28,126,586,462,55.9,4.0
371,Ben Harpur,21,D,OTT,5,0,1,1,1,2,0,0,0,0,1,0,0,3,0.0,68,13:40,7,9,0,0,,0.2
372,Scott Harrington,22,D,TOR,15,0,1,1,0,4,0,0,0,0,1,0,0,9,0.0,196,13:06,16,23,0,0,,0.3
373,Ryan Hartman,21,RW,CHI,3,0,1,1,-1,0,0,0,0,0,1,0,0,3,0.0,28,9:14,3,5,1,3,25.0,0.0
374,Scott Hartnell,33,LW,CBJ,79,23,26,49,-11,112,13,10,0,1,24,2,0,150,15.3,1231,15:35,41,131,0,3,0.0,5.6
375,Garnet Hathaway,24,RW,CGY,14,0,3,3,-1,31,0,0,0,0,2,0,1,11,0.0,168,12:01,17,50,1,3,25.0,0.0
376,Erik Haula,24,C,MIN,76,14,20,34,21,24,12,0,2,2,17,1,2,99,14.1,967,12:44,55,57,416,365,53.3,4.8
377,Martin Havlat,34,RW,STL,2,1,0,1,0,0,1,0,0,1,0,0,0,3,33.3,22,10:54,0,1,0,0,,0.2
378,Jimmy Hayes,26,RW,BOS,75,13,16,29,-12,60,10,3,0,0,14,2,0,127,10.2,1037,13:50,15,128,42,70,37.5,2.4
379,Kevin Hayes,23,RW,NYR,79,14,22,36,4,30,11,3,0,3,19,3,0,133,10.5,1079,13:40,23,59,137,244,36.0,3.9
380,Victor Hedman,25,D,TBL,78,10,37,47,21,46,9,1,0,0,26,10,1,180,5.6,1799,23:04,132,62,0,0,,10.1
381,Seth Helgeson,25,D,NJD,19,0,1,1,-5,17,0,0,0,0,1,0,0,9,0.0,265,13:57,23,46,0,0,,0.1
382,Darren Helm,29,C,DET,77,13,13,26,-2,32,13,0,0,3,13,0,0,165,7.9,1160,15:04,26,115,39,38,50.6,2.4
383,Ales Hemsky,32,RW,DAL,75,13,26,39,3,20,12,1,0,0,22,4,0,155,8.4,983,13:06,26,25,2,4,33.3,4.2
384,Matt Hendricks,34,LW,EDM,68,5,7,12,2,82,4,0,1,0,6,0,1,62,8.1,900,13:14,68,175,251,202,55.4,0.6
385,Adam Henrique,25,C,NJD,80,30,20,50,10,23,21,7,2,8,14,5,1,149,20.1,1586,19:50,56,66,617,764,44.7,7.6
386,Tomas Hertl,22,C,SJS,81,21,25,46,16,26,18,3,0,3,21,4,0,202,10.4,1294,15:58,60,90,256,201,56.0,6.1
387,Thomas Hickey,26,D,NYI,62,6,12,18,9,30,6,0,0,2,11,0,0,55,10.9,1079,17:24,90,65,0,0,,4.4
388,Chris Higgins,32,LW,VAN,33,3,1,4,-14,4,2,0,1,0,1,0,0,51,5.9,455,13:47,18,15,1,2,33.3,-0.5
389,Vinnie Hinostroza,21,C,CHI,7,0,0,0,-1,6,0,0,0,0,0,0,0,6,0.0,61,8:41,2,2,13,19,40.6,-0.1
390,Niklas Hjalmarsson,28,D,CHI,81,2,22,24,13,32,2,0,0,0,17,2,3,77,2.6,1813,22:23,151,32,0,0,,5.6
391,Cody Hodgson,25,C,NSH,39,3,5,8,2,6,3,0,0,2,4,1,0,65,4.6,419,10:44,6,25,46,52,46.9,0.6
392,Mike Hoffman,26,LW,OTT,78,29,30,59,1,18,20,9,0,3,26,4,0,242,12.0,1368,17:33,29,22,8,10,44.4,7.6
393,Nick Holden,28,D,COL,82,6,16,22,-1,24,6,0,0,0,15,1,0,98,6.1,1794,21:53,118,217,0,0,,4.7
394,Peter Holland,25,C,TOR,65,9,18,27,-16,28,4,5,0,1,12,6,0,138,6.5,953,14:40,19,78,216,249,46.5,1.8
395,Bud Holloway,27,C,MTL,1,0,0,0,0,0,0,0,0,0,0,0,0,1,0.0,7,7:19,0,0,0,1,0.0,0.0
396,Korbinian Holzer,27,D,ANA,29,0,3,3,-3,10,0,0,0,0,3,0,0,17,0.0,428,14:45,32,57,0,0,,0.7
397,Shawn Horcoff,37,C,ANA,59,6,9,15,1,34,5,0,1,2,8,0,1,73,8.2,784,13:17,24,58,320,306,51.1,1.3
398,Patric Hornqvist,29,RW,PIT,82,22,29,51,15,36,13,9,0,3,23,6,0,257,8.6,1382,16:51,54,160,5,3,62.5,6.4
399,Bo Horvat,20,C,VAN,82,16,24,40,-30,18,12,4,0,4,16,8,0,155,10.3,1405,17:08,53,69,760,733,50.9,2.9
400,Marian Hossa,37,RW,CHI,64,13,20,33,10,24,8,2,3,2,12,7,1,191,6.8,1105,17:16,33,37,0,2,0.0,3.7
401,Quinton Howden,24,C,FLA,58,6,5,11,-1,18,6,0,0,0,5,0,0,54,11.1,602,10:22,10,116,3,3,50.0,0.8
402,Marek Hrivik,24,LW,NYR,5,0,1,1,3,0,0,0,0,0,1,0,0,3,0.0,54,10:43,1,6,3,2,60.0,0.1
403,Jonathan Huberdeau,22,LW,FLA,76,20,39,59,17,43,15,4,1,2,30,9,0,174,11.5,1379,18:09,36,53,7,11,38.9,7.3
404,Jiri Hudler,32,C,TOT,72,16,30,46,-1,27,13,3,0,1,23,7,0,109,14.7,1135,15:46,7,28,11,15,42.3,4.8
405,Jiri Hudler,32,C,CGY,53,10,25,35,-1,17,9,1,0,0,18,7,0,80,12.5,882,16:39,4,14,9,11,45.0,3.3
406,Jiri Hudler,32,C,FLA,19,6,5,11,0,10,4,2,0,1,5,0,0,29,20.7,253,13:18,3,14,2,4,33.3,1.5
407,Charles Hudon,21,LW,MTL,3,0,2,2,2,0,0,0,0,0,2,0,0,3,0.0,32,10:42,1,7,0,1,0.0,0.3
408,Brad Hunt,27,D,EDM,7,0,0,0,-1,2,0,0,0,0,0,0,0,12,0.0,99,14:11,7,7,0,0,,0.0
409,Matt Hunwick,30,D,TOR,60,2,8,10,-17,32,2,0,0,1,6,2,0,74,2.7,1354,22:34,98,126,0,0,,1.3
410,Ben Hutton,22,D,VAN,75,1,24,25,-21,14,1,0,0,0,17,7,0,104,1.0,1491,19:52,100,42,0,0,,3.0
411,Zach Hyman,23,C,TOR,16,4,2,6,0,18,4,0,0,0,2,0,0,37,10.8,251,15:41,8,31,1,2,33.3,0.7
412,Jarome Iginla,38,RW,COL,82,22,25,47,-22,41,9,13,0,3,19,6,0,182,12.1,1301,15:52,45,70,61,54,53.0,4.6
413,Matt Irwin,28,D,BOS,2,0,0,0,-5,0,0,0,0,0,0,0,0,3,0.0,30,14:56,0,1,0,0,,-0.4
414,Barret Jackman,34,D,NSH,73,1,4,5,1,76,1,0,0,1,4,0,0,64,1.6,1012,13:51,86,100,0,0,,1.8
415,Tim Jackman,34,RW,ANA,2,0,0,0,-2,4,0,0,0,0,0,0,0,1,0.0,11,5:44,0,2,0,0,,-0.1
416,Jaromir Jagr,43,RW,FLA,79,27,39,66,23,48,22,5,0,4,33,6,0,143,18.9,1349,17:05,16,31,0,1,0.0,9.2
417,Mattias Janmark,23,C,DAL,73,15,14,29,12,16,14,0,1,3,13,1,0,108,13.9,1035,14:10,21,4,94,166,36.2,3.6
418,Calle Jarnkrok,24,C,NSH,81,16,14,30,1,14,12,3,1,4,13,1,0,125,12.8,1307,16:08,24,35,366,433,45.8,3.1
419,Dmitrij Jaskin,22,RW,STL,65,4,9,13,3,26,4,0,0,1,9,0,0,92,4.3,771,11:52,16,126,8,20,28.6,0.8
420,Dustin Jeffrey,27,C,ARI,7,1,1,2,2,2,1,0,0,0,1,0,0,5,20.0,80,11:24,1,2,35,23,60.3,0.3
421,Boone Jenner,22,C,CBJ,82,30,19,49,-15,77,20,9,1,3,14,5,0,225,13.3,1346,16:25,71,213,156,138,53.1,6.0
422,Ryan Johansen,23,C,TOT,80,14,46,60,6,61,10,4,0,2,28,18,0,185,7.6,1405,17:34,30,115,652,594,52.3,6.3
423,Ryan Johansen,23,C,NSH,42,8,26,34,10,36,5,3,0,2,18,8,0,97,8.2,746,17:46,18,57,330,300,52.4,4.0
424,Ryan Johansen,23,C,CBJ,38,6,20,26,-4,25,5,1,0,0,10,10,0,88,6.8,659,17:21,12,58,322,294,52.3,2.3
425,Marcus Johansson,25,LW,WSH,74,17,29,46,12,16,11,6,0,7,21,8,0,132,12.9,1231,16:38,24,38,128,150,46.0,5.4
426,Stephen Johns,23,D,DAL,14,1,2,3,-6,6,1,0,0,0,2,0,0,13,7.7,250,17:50,21,55,0,0,,0.0
427,Erik Johnson,27,D,COL,73,11,16,27,-19,50,6,3,2,0,12,3,1,175,6.3,1711,23:27,197,126,0,1,0.0,4.2
428,Jack Johnson,29,D,CBJ,60,6,8,14,-16,25,3,3,0,2,5,3,0,86,7.0,1451,24:11,102,98,0,1,0.0,2.0
429,Tyler Johnson,25,C,TBL,69,14,24,38,4,20,11,3,0,7,14,10,0,167,8.4,1183,17:08,25,46,479,507,48.6,4.2
430,Ross Johnston,21,LW,NYI,1,0,0,0,0,4,0,0,0,0,0,0,0,0,,16,16:17,0,6,0,0,,0.0
431,Ryan Johnston,23,D,MTL,3,0,0,0,1,0,0,0,0,0,0,0,0,1,0.0,49,16:17,2,2,0,0,,0.1
432,Jussi Jokinen,32,LW,FLA,81,18,42,60,25,42,12,5,1,1,34,7,1,153,11.8,1482,18:17,50,43,135,127,51.5,7.3
433,Jyrki Jokipakka,24,D,TOT,58,2,10,12,4,14,2,0,0,1,10,0,0,45,4.4,902,15:34,66,69,0,0,,2.3
434,Jyrki Jokipakka,24,D,DAL,40,2,4,6,1,6,2,0,0,1,4,0,0,26,7.7,580,14:30,43,47,0,0,,1.2
435,Jyrki Jokipakka,24,D,CGY,18,0,6,6,3,8,0,0,0,0,6,0,0,19,0.0,322,17:54,23,22,0,0,,1.1
436,David Jones,31,RW,TOT,75,11,7,18,-7,10,10,1,0,2,7,0,0,84,13.1,933,12:26,33,147,17,17,50.0,1.3
437,David Jones,31,RW,CGY,59,9,6,15,-8,10,8,1,0,2,6,0,0,67,13.4,755,12:47,28,115,16,16,50.0,0.9
438,David Jones,31,RW,MIN,16,2,1,3,1,0,2,0,0,0,1,0,0,17,11.8,178,11:09,5,32,1,1,50.0,0.3
439,Seth Jones,21,D,TOT,81,3,28,31,-14,22,2,1,0,0,15,12,1,157,1.9,1788,22:05,118,86,0,0,,4.2
440,Seth Jones,21,D,CBJ,41,2,18,20,-9,12,1,1,0,0,9,8,1,83,2.4,1003,24:27,76,53,0,0,,2.5
441,Seth Jones,21,D,NSH,40,1,10,11,-5,10,1,0,0,0,6,4,0,74,1.4,786,19:39,42,33,0,0,,1.7
442,Josh Jooris,25,C,CGY,59,4,9,13,-1,39,4,0,0,0,7,0,2,80,5.0,725,12:17,33,62,114,143,44.4,0.5
443,Michal Jordan,25,D,CAR,36,1,0,1,-5,12,1,0,0,0,0,0,0,36,2.8,546,15:10,34,24,0,0,,0.6
444,Jacob Josefson,24,C,NJD,58,4,10,14,-21,20,1,3,0,1,1,8,1,86,4.7,900,15:31,40,67,323,344,48.4,0.0
445,Roman Josi,25,D,NSH,81,14,47,61,-3,43,7,6,1,3,28,18,1,198,7.1,2064,25:29,185,59,0,0,,10.4
446,Tomas Jurco,23,RW,DET,44,4,2,6,-6,16,4,0,0,0,2,0,0,43,9.3,404,9:11,4,50,1,0,100.0,0.2
447,Nazem Kadri,25,C,TOR,76,17,28,45,-15,73,13,4,0,2,18,10,0,260,6.5,1389,18:16,43,148,641,663,49.2,4.0
448,Sergey Kalinin,24,C,NJD,78,8,7,15,-9,33,5,3,0,2,7,0,0,70,11.4,1039,13:20,30,146,134,188,41.6,0.9
449,Steven Kampfer,27,D,FLA,47,0,4,4,5,26,0,0,0,0,3,1,0,54,0.0,709,15:06,70,70,1,1,50.0,1.2
450,Evander Kane,24,LW,BUF,65,20,15,35,-14,91,17,2,1,3,11,4,0,271,7.4,1367,21:02,23,171,62,62,50.0,3.8
451,Patrick Kane,27,RW,CHI,82,46,60,106,17,30,29,17,0,9,40,20,0,287,16.0,1674,20:25,21,37,11,40,21.6,15.0
452,Kasperi Kapanen,19,RW,TOR,9,0,0,0,-3,2,0,0,0,0,0,0,0,14,0.0,133,14:47,1,10,0,0,,-0.3
453,Erik Karlsson,25,D,OTT,82,16,66,82,-2,50,15,1,0,3,41,25,0,248,6.5,2375,28:58,175,84,0,1,0.0,11.7
454,Melker Karlsson,25,C,SJS,65,10,9,19,5,16,10,0,0,1,9,0,0,96,10.4,879,13:31,48,76,11,12,47.8,2.1
455,William Karlsson,23,C,CBJ,81,9,11,20,-9,6,9,0,0,1,11,0,0,108,8.3,1172,14:28,48,40,416,495,45.7,0.9
456,Zack Kassian,25,RW,EDM,36,3,5,8,-7,114,3,0,0,0,5,0,0,42,7.1,448,12:27,6,95,1,3,25.0,0.2
457,Bracken Kearns,34,C,NYI,2,0,1,1,1,4,0,0,0,0,0,0,1,0,,32,15:54,2,5,8,4,66.7,0.1
458,Duncan Keith,32,D,CHI,67,9,34,43,13,26,5,4,0,4,19,14,1,130,6.9,1691,25:14,116,16,0,1,0.0,8.4
459,Chris Kelly,35,C,BOS,11,2,0,2,3,0,1,0,1,0,0,0,0,8,25.0,144,13:05,13,13,22,30,42.3,0.3
460,Joonas Kemppainen,27,C,BOS,44,2,3,5,-6,4,1,0,1,0,3,0,0,35,5.7,552,12:32,18,36,227,232,49.5,-0.4
461,Ronalds Kenins,24,LW,VAN,8,0,0,0,-1,6,0,0,0,0,0,0,0,6,0.0,91,11:25,2,19,1,2,33.3,-0.2
462,Tyler Kennedy,29,C,NJD,50,3,13,16,-14,14,2,1,0,0,8,5,0,72,4.2,671,13:26,9,35,23,35,39.7,0.7
463,Michael Ker√§nen,26,C,MIN,1,0,0,0,-1,0,0,0,0,0,0,0,0,0,,6,6:09,0,1,0,0,,-0.1
464,Tanner Kero,23,RW,CHI,17,1,2,3,-2,2,1,0,0,0,2,0,0,26,3.8,209,12:18,10,19,55,68,44.7,0.0
465,Ryan Kesler,31,C,ANA,79,21,32,53,5,78,15,5,1,4,22,10,0,164,12.8,1543,19:32,92,168,980,695,58.5,6.4
466,Phil Kessel,28,RW,PIT,82,26,33,59,9,18,22,4,0,5,20,13,0,274,9.5,1507,18:23,13,9,2,3,40.0,7.2
467,Jujhar Khaira,21,LW,EDM,15,0,2,2,-2,13,0,0,0,0,2,0,0,14,0.0,155,10:21,6,29,0,1,0.0,-0.1
468,Alexander Khokhlachev,22,C,BOS,5,0,0,0,-2,0,0,0,0,0,0,0,0,4,0.0,51,10:15,1,2,0,2,0.0,-0.2
469,Alex Killorn,26,C,TBL,81,14,26,40,14,44,11,3,0,3,22,3,1,154,9.1,1360,16:48,23,76,31,49,38.8,4.6
470,Jakub Kindl,28,D,TOT,44,2,6,8,13,18,2,0,0,1,5,1,0,63,3.2,677,15:23,24,39,0,1,0.0,2.8
471,Jakub Kindl,28,D,DET,25,2,4,6,3,14,2,0,0,1,4,0,0,37,5.4,412,16:28,15,13,0,0,,1.6
472,Jakub Kindl,28,D,FLA,19,0,2,2,10,4,0,0,0,0,1,1,0,26,0.0,266,13:59,9,26,0,1,0.0,1.2
473,Dwight King,26,LW,LAK,47,7,6,13,-6,24,7,0,0,2,6,0,0,48,14.6,679,14:26,6,73,2,5,28.6,0.8
474,Oscar Klefbom,22,D,EDM,30,4,8,12,-4,6,4,0,0,1,5,3,0,48,8.3,657,21:53,62,21,0,0,,2.2
475,Kevin Klein,31,D,NYR,69,9,17,26,16,19,9,0,0,4,16,1,0,69,13.0,1407,20:23,155,117,0,0,,6.0
476,John Klingberg,23,D,DAL,76,10,48,58,22,30,8,2,0,4,28,20,0,171,5.8,1724,22:41,68,44,0,0,,10.2
477,Rob Klinkhammer,29,LW,EDM,14,1,0,1,-6,6,1,0,0,0,0,0,0,10,10.0,132,9:25,4,47,1,0,100.0,-0.2
478,Corban Knight,25,C,FLA,20,2,5,7,3,4,2,0,0,0,5,0,0,11,18.2,193,9:38,2,18,54,52,50.9,0.8
479,Slater Koekkoek,21,D,TBL,9,0,1,1,-1,2,0,0,0,0,1,0,0,11,0.0,93,10:19,5,6,0,0,,0.1
480,Mikko Koivu,32,C,MIN,82,17,39,56,6,40,6,10,1,2,28,10,1,141,12.1,1634,19:56,57,38,988,771,56.2,6.0
481,Leo Komarov,29,C,TOR,67,19,17,36,-12,40,14,4,1,2,14,3,0,130,14.6,1195,17:50,27,283,62,65,48.8,3.7
482,Anze Kopitar,28,C,LAK,81,25,49,74,34,16,19,5,1,8,34,13,2,177,14.1,1690,20:52,65,78,950,826,53.5,9.7
483,Lauri Korpikoski,29,LW,EDM,71,10,12,22,-17,10,7,2,1,2,8,4,0,88,11.4,989,13:56,56,100,18,16,52.9,1.3
484,Scott Kosmachuk,22,RW,WPG,8,0,3,3,1,2,0,0,0,0,3,0,0,9,0.0,92,11:32,2,7,0,0,,0.2
485,Mike Kostka,30,D,OTT,15,0,1,1,6,4,0,0,0,0,1,0,0,9,0.0,223,14:51,20,7,0,0,,0.7
486,Chris Kreider,24,LW,NYR,79,21,22,43,10,58,16,5,0,3,19,3,0,158,13.3,1261,15:57,33,177,5,1,83.3,5.4
487,David Krejci,29,C,BOS,72,17,46,63,4,32,13,4,0,3,29,14,3,143,11.9,1462,20:18,57,43,560,557,50.1,6.6
488,Niklas Kronwall,35,D,DET,64,3,23,26,-21,30,3,0,0,2,9,14,0,61,4.9,1409,22:01,81,93,0,0,,3.1
489,Torey Krug,24,D,BOS,81,4,40,44,9,33,3,1,0,1,22,18,0,244,1.6,1751,21:37,94,61,2,0,100.0,7.2
490,Marcus Kruger,25,C,CHI,41,0,4,4,-5,24,0,0,0,0,4,0,0,50,0.0,554,13:31,31,25,233,241,49.2,-0.7
491,Nikita Kucherov,22,RW,TBL,77,30,36,66,9,30,21,9,0,4,20,16,0,209,14.4,1402,18:13,28,61,0,1,0.0,9.2
492,Tom Kuhnhackl,24,RW,PIT,42,5,10,15,3,24,3,0,2,1,10,0,0,52,9.6,512,12:12,32,57,0,3,0.0,1.5
493,Dean Kukan,22,D,CBJ,8,0,0,0,9,0,0,0,0,0,0,0,0,3,0.0,139,17:21,10,7,0,0,,0.9
494,Brett Kulak,22,D,CGY,8,0,0,0,-2,0,0,0,0,0,0,0,0,9,0.0,99,12:21,3,2,0,0,,-0.1
495,Nikolai Kulemin,29,LW,NYI,81,9,13,22,13,22,9,0,0,3,13,0,0,92,9.8,1139,14:04,50,107,23,36,39.0,2.1
496,Dmitry Kulikov,25,D,FLA,74,1,16,17,8,51,1,0,0,1,10,6,0,99,1.0,1557,21:02,121,122,0,0,,3.5
497,Chris Kunitz,36,LW,PIT,80,17,23,40,29,41,15,2,0,1,19,4,0,150,11.3,1346,16:49,33,264,5,6,45.5,5.2
498,Evgeny Kuznetsov,23,C,WSH,82,20,57,77,27,32,15,5,0,4,44,13,0,193,10.4,1428,17:25,29,73,543,594,47.8,9.6
499,Oliver Kylington,18,D,CGY,1,0,0,0,0,0,0,0,0,0,0,0,0,1,0.0,17,17:22,1,0,0,0,,0.0
500,Andrew Ladd,30,LW,TOT,78,25,21,46,-13,45,13,10,2,3,17,4,0,181,13.8,1475,18:55,42,155,8,5,61.5,4.9
501,Andrew Ladd,30,LW,WPG,59,17,17,34,-10,39,8,7,2,2,15,2,0,143,11.9,1148,19:27,27,126,7,3,70.0,3.4
502,Andrew Ladd,30,LW,CHI,19,8,4,12,-3,6,5,3,0,1,2,2,0,38,21.1,327,17:14,15,29,1,2,33.3,1.6
503,Brooks Laich,32,C,TOT,81,2,12,14,-13,18,2,0,0,1,11,0,1,101,2.0,926,11:26,34,126,98,145,40.3,-0.3
504,Brooks Laich,32,C,WSH,60,1,6,7,-7,16,1,0,0,1,6,0,0,66,1.5,633,10:33,25,83,38,71,34.9,-0.5
505,Brooks Laich,32,C,TOR,21,1,6,7,-6,2,1,0,0,0,5,0,1,35,2.9,294,13:59,9,43,60,74,44.8,0.2
506,Anton Lander,24,C,EDM,61,1,2,3,-9,18,1,0,0,0,2,0,0,54,1.9,737,12:05,19,58,378,315,54.5,-1.1
507,Gabriel Landeskog,23,LW,COL,75,20,33,53,-5,69,15,4,1,2,21,10,2,169,11.8,1419,18:56,66,141,31,25,55.4,5.6
508,Dylan Larkin,19,C,DET,80,23,22,45,11,34,19,4,0,5,21,1,0,221,10.4,1324,16:33,25,65,41,59,41.0,6.0
509,Adam Larsson,23,D,NJD,82,3,15,18,15,77,3,0,0,1,14,0,1,65,4.6,1846,22:31,148,163,0,0,,6.7
510,Johan Larsson,23,LW,BUF,74,10,7,17,-4,27,9,1,0,5,4,3,0,95,10.5,1097,14:49,33,113,388,371,51.1,1.4
511,Michael Latta,24,C,WSH,43,3,4,7,0,50,3,0,0,0,4,0,0,29,10.3,348,8:05,10,58,102,96,51.5,0.5
512,Scott Laughton,21,C,PHI,71,7,14,21,-2,34,7,0,0,0,14,0,0,85,8.2,741,10:26,29,86,170,218,43.8,1.8
513,Curtis Lazar,20,RW,OTT,76,6,14,20,-1,18,4,1,1,0,10,1,3,78,7.7,1053,13:52,47,118,168,216,43.8,0.9
514,Vincent Lecavalier,35,C,TOT,49,10,8,18,0,22,4,6,0,0,7,1,0,67,14.9,649,13:14,22,62,297,288,50.8,2.1
515,Vincent Lecavalier,35,C,LAK,42,10,7,17,1,20,4,6,0,0,6,1,0,60,16.7,583,13:52,21,60,295,283,51.0,2.1
516,Vincent Lecavalier,35,C,PHI,7,0,1,1,-1,2,0,0,0,0,1,0,0,7,0.0,66,9:28,1,2,2,5,28.6,0.0
517,Nick Leddy,24,D,NYI,81,5,35,40,-9,25,2,3,0,1,19,16,0,121,4.1,1832,22:37,87,83,0,0,,5.9
518,Anders Lee,25,LW,NYI,80,15,21,36,-2,51,7,8,0,3,15,6,0,183,8.2,1166,14:35,31,164,1,5,16.7,3.7
519,David Legwand,35,C,BUF,79,5,9,14,-4,14,4,0,1,0,7,1,1,61,8.2,767,9:42,18,28,196,231,45.9,0.9
520,Jori Lehtera,28,C,STL,79,9,25,34,12,38,8,1,0,3,17,8,0,83,10.8,1271,16:05,26,43,485,484,50.1,3.4
521,Taylor Leier,21,LW,PHI,6,0,0,0,0,0,0,0,0,0,0,0,0,3,0.0,46,7:43,3,2,0,0,,-0.1
522,Brendan Leipsic,21,LW,TOR,6,1,2,3,-1,2,1,0,0,1,1,1,0,11,9.1,85,14:14,6,12,2,1,66.7,0.3
523,Josh Leivo,22,LW,TOR,12,5,0,5,2,6,4,1,0,1,0,0,0,20,25.0,148,12:19,3,7,1,1,50.0,1.0
524,Bryan Lerg,30,C,SJS,6,0,0,0,1,0,0,0,0,0,0,0,0,4,0.0,53,8:53,3,13,17,16,51.5,0.0
525,Brett Lernout,20,D,MTL,1,0,0,0,0,0,0,0,0,0,0,0,0,0,,7,6:30,0,1,0,0,,0.0
526,Lucas Lessio,23,LW,MTL,12,1,1,2,1,2,1,0,0,1,1,0,0,14,7.1,126,10:29,5,24,0,2,0.0,0.2
527,Kris Letang,28,D,PIT,71,16,51,67,9,66,11,5,0,2,26,22,3,218,7.3,1913,26:57,122,135,0,0,,11.3
528,Mark Letestu,30,C,EDM,82,10,15,25,-21,10,5,3,2,0,5,9,1,107,9.3,1294,15:47,33,68,596,566,51.3,1.0
529,Trevor Lewis,29,C,LAK,75,8,8,16,-10,20,7,0,1,1,7,1,0,167,4.8,1092,14:34,28,168,103,154,40.1,0.4
530,John-Michael Liles,35,D,TOT,81,6,15,21,-10,18,4,1,1,1,13,2,0,111,5.4,1645,20:18,127,81,0,0,,4.3
531,John-Michael Liles,35,D,CAR,64,6,9,15,-3,16,4,1,1,1,7,2,0,92,6.5,1316,20:34,96,64,0,0,,4.0
532,John-Michael Liles,35,D,BOS,17,0,6,6,-7,2,0,0,0,0,6,0,0,19,0.0,329,19:19,31,17,0,0,,0.3
533,Oscar Lindberg,24,C,NYR,68,13,15,28,12,43,12,1,0,2,13,2,0,114,11.4,828,12:11,36,132,134,143,48.4,3.6
534,Tobias Lindberg,20,RW,TOR,6,0,2,2,0,4,0,0,0,0,2,0,0,12,0.0,95,15:50,1,10,0,3,0.0,0.1
535,Petteri Lindbohm,22,D,STL,10,0,0,0,-4,7,0,0,0,0,0,0,0,9,0.0,138,13:47,11,14,0,0,,-0.2
536,Esa Lindell,21,D,DAL,4,0,0,0,-3,0,0,0,0,0,0,0,0,2,0.0,56,14:03,9,4,0,0,,-0.2
537,Elias Lindholm,21,C,CAR,82,11,28,39,-23,24,9,2,0,3,14,14,0,176,6.3,1485,18:07,45,112,213,221,49.1,2.6
538,Hampus Lindholm,22,D,ANA,80,10,18,28,7,40,5,4,1,1,7,11,0,149,6.7,1760,22:00,115,68,0,0,,7.3
539,J.C. Lipon,22,RW,WPG,9,0,1,1,0,5,0,0,0,0,1,0,0,4,0.0,63,6:58,2,29,0,0,,0.0
540,Bryan Little,28,C,WPG,57,17,25,42,-13,12,13,2,2,2,15,10,0,127,13.4,1117,19:36,22,48,674,640,51.3,4.2
541,Viktor Loov,23,D,TOR,4,0,2,2,4,0,0,0,0,0,2,0,0,1,0.0,42,10:28,1,8,0,0,,0.6
542,Ben Lovejoy,31,D,PIT,66,4,6,10,9,30,4,0,0,0,5,0,1,90,4.4,1245,18:52,104,154,0,0,,3.1
543,Adam Lowry,22,C,WPG,74,7,10,17,-9,53,7,0,0,2,10,0,0,73,9.6,1037,14:01,48,187,391,454,46.3,0.5
544,Milan Lucic,27,LW,LAK,81,20,35,55,26,79,18,2,0,5,29,6,0,124,16.1,1396,17:14,22,244,7,13,35.0,7.2
545,Joffrey Lupul,32,LW,TOR,46,11,3,14,-10,12,9,2,0,2,1,2,0,102,10.8,673,14:37,14,58,0,4,0.0,1.3
546,Olli Maatta,21,D,PIT,67,6,13,19,27,22,6,0,0,2,11,1,1,95,6.3,1337,19:58,87,81,0,0,,5.9
547,Clarke MacArthur,30,LW,OTT,4,0,0,0,-1,0,0,0,0,0,0,0,0,4,0.0,43,10:52,1,3,0,1,0.0,-0.1
548,Andrew MacDonald,29,D,PHI,28,1,7,8,10,6,1,0,0,0,5,2,0,20,5.0,563,20:07,72,14,0,0,,2.4
549,Derek MacKenzie,34,C,FLA,64,6,7,13,7,36,6,0,0,3,6,0,1,79,7.6,842,13:09,38,154,439,362,54.8,1.0
550,Nathan MacKinnon,20,C,COL,72,21,31,52,-4,20,14,7,0,6,21,9,1,245,8.6,1358,18:52,53,46,507,540,48.4,5.7
551,Evgeni Malkin,29,C,PIT,57,27,31,58,1,65,16,11,0,6,15,16,0,162,16.7,1104,19:22,19,27,317,438,42.0,7.6
552,Brad Malone,26,C,CAR,57,2,4,6,-11,75,2,0,0,0,4,0,0,31,6.5,544,9:33,15,124,40,22,64.5,-0.3
553,Brandon Manning,25,D,PHI,56,1,6,7,2,66,1,0,0,1,6,0,0,67,1.5,926,16:32,57,94,0,1,0.0,1.9
554,Josh Manson,24,D,ANA,71,5,10,15,11,74,5,0,0,1,10,0,0,88,5.7,1334,18:47,67,158,0,0,,5.0
555,Anthony Mantha,21,RW,DET,10,2,1,3,-6,2,0,2,0,1,1,0,0,18,11.1,117,11:42,3,4,0,0,,0.1
556,Brad Marchand,27,LW,BOS,77,37,24,61,21,90,27,6,4,6,20,2,2,250,14.8,1432,18:36,35,65,21,35,37.5,9.4
557,Alexey Marchenko,24,D,DET,66,2,9,11,-5,10,2,0,0,0,8,0,1,40,5.0,1111,16:50,100,47,0,0,,2.3
558,Jon Marchessault,25,C,TBL,45,7,11,18,-10,17,3,4,0,1,8,3,0,81,8.6,544,12:05,9,61,38,41,48.1,1.6
559,Martin Marincin,23,D,TOR,65,1,6,7,-3,34,1,0,0,0,6,0,0,55,1.8,1090,16:46,63,37,0,0,,1.8
560,Andrei Markov,37,D,MTL,82,5,39,44,-6,38,1,4,0,0,26,13,0,117,4.3,1955,23:50,142,57,0,0,,6.7
561,Patrick Marleau,36,LW,SJS,82,25,23,48,-22,10,13,11,1,5,9,14,0,216,11.6,1560,19:02,36,64,267,258,50.9,4.7
562,Patrick Maroon,27,LW,TOT,72,12,15,27,-7,88,7,5,0,1,12,3,0,104,11.5,888,12:20,10,151,17,36,32.1,2.8
563,Patrick Maroon,27,LW,ANA,56,4,9,13,-13,54,1,3,0,0,8,1,0,65,6.2,637,11:23,2,114,16,33,32.7,0.5
564,Patrick Maroon,27,LW,EDM,16,8,6,14,6,34,6,2,0,1,4,2,0,39,20.5,251,15:41,8,37,1,3,25.0,2.3
565,Matt Martin,26,LW,NYI,80,10,9,19,2,119,10,0,0,1,9,0,0,86,11.6,845,10:33,24,365,1,3,25.0,1.9
566,Paul Martin,34,D,SJS,78,3,17,20,13,22,2,1,0,0,16,1,0,49,6.1,1617,20:44,123,54,0,0,,5.1
567,Alec Martinez,28,D,LAK,78,10,21,31,16,40,6,4,0,4,11,9,1,124,8.1,1650,21:09,182,164,0,0,,7.6
568,Jordan Martinook,23,LW,ARI,81,9,15,24,-9,18,8,0,1,2,13,1,1,109,8.3,1230,15:11,40,52,18,15,54.5,1.3
569,Andreas Martinsen,25,LW,COL,55,4,7,11,-4,47,4,0,0,1,7,0,0,52,7.7,610,11:06,27,155,1,3,25.0,0.5
570,Brandon Mashinter,27,LW,CHI,41,4,1,5,-7,23,4,0,0,0,1,0,0,25,16.0,307,7:30,3,62,0,0,,0.2
571,Mike Matheson,21,D,FLA,3,0,0,0,1,2,0,0,0,0,0,0,0,4,0.0,53,17:32,1,1,0,0,,0.1
572,Stefan Matteau,21,LW,TOT,32,1,1,2,-13,17,1,0,0,0,1,0,0,27,3.7,329,10:17,7,67,0,0,,-0.7
573,Stefan Matteau,21,LW,NJD,20,1,0,1,-9,13,1,0,0,0,0,0,0,22,4.5,202,10:05,4,39,0,0,,-0.4
574,Stefan Matteau,21,LW,MTL,12,0,1,1,-4,4,0,0,0,0,1,0,0,5,0.0,128,10:38,3,28,0,0,,-0.3
575,Shawn Matthias,27,C,TOT,71,12,16,28,-17,20,12,0,0,2,15,0,1,101,11.9,959,13:31,39,68,9,15,37.5,2.2
576,Shawn Matthias,27,C,TOR,51,6,11,17,-10,12,6,0,0,1,10,0,1,66,9.1,664,13:01,23,60,5,11,31.3,1.1
577,Shawn Matthias,27,C,COL,20,6,5,11,-7,8,6,0,0,1,5,0,0,35,17.1,296,14:48,16,8,4,4,50.0,1.1
578,Scott Mayfield,23,D,NYI,6,1,0,1,-4,11,1,0,0,0,0,0,0,4,25.0,103,17:07,15,12,0,0,,0.0
579,Jamie McBain,27,D,LAK,44,2,7,9,2,6,1,1,0,0,2,5,0,32,6.3,538,12:14,38,20,0,0,,1.9
580,Jake McCabe,22,D,BUF,77,4,10,14,6,51,4,0,0,0,10,0,0,62,6.5,1472,19:07,109,114,0,2,0.0,4.5
581,Jared McCann,19,C,VAN,69,9,9,18,-6,32,8,1,0,1,7,2,0,106,8.5,864,12:31,19,45,181,341,34.7,1.5
582,Michael McCarron,20,RW,MTL,20,1,1,2,-10,37,1,0,0,0,1,0,0,41,2.4,234,11:41,8,49,85,84,50.3,-0.5
583,John McCarthy,29,LW,SJS,1,0,0,0,0,0,0,0,0,0,0,0,0,0,,7,7:05,1,0,0,1,0.0,0.0
584,Jay McClement,32,C,CAR,77,3,8,11,-17,24,2,0,1,0,8,0,0,64,4.7,893,11:36,31,79,375,303,55.3,-0.4
585,Max McCormick,23,LW,OTT,20,2,2,4,-4,37,2,0,0,0,2,0,0,37,5.4,209,10:28,11,46,39,37,51.3,0.1
586,Connor McDavid,19,C,EDM,45,16,32,48,-1,18,13,3,0,5,21,11,0,105,15.2,850,18:53,10,12,249,355,41.2,5.8
587,Ryan McDonagh,26,D,NYR,73,9,25,34,26,22,7,2,0,0,17,7,1,113,8.0,1632,22:21,138,98,1,0,100.0,7.8
588,Colin McDonald,31,RW,PHI,5,1,0,1,0,7,1,0,0,0,0,0,0,4,25.0,41,8:09,1,16,0,0,,0.2
589,John McFarland,23,LW,FLA,3,0,0,0,-1,0,0,0,0,0,0,0,0,2,0.0,30,9:55,3,5,0,0,,-0.1
590,Brock McGinn,21,LW,CAR,21,3,1,4,-14,10,3,0,0,0,1,0,0,25,12.0,235,11:11,6,28,0,1,0.0,-0.1
591,Jamie McGinn,27,LW,TOT,84,22,17,39,-7,33,13,9,0,5,14,3,0,156,14.1,1201,14:18,27,164,4,3,57.1,5.0
592,Jamie McGinn,27,LW,BUF,63,14,13,27,-10,10,8,6,0,3,10,3,0,109,12.8,892,14:10,19,113,2,1,66.7,3.0
593,Jamie McGinn,27,LW,ANA,21,8,4,12,3,23,5,3,0,2,4,0,0,47,17.0,308,14:41,8,51,2,2,50.0,1.9
594,Tye McGinn,25,LW,TBL,2,0,0,0,0,0,0,0,0,0,0,0,0,1,0.0,17,8:33,0,0,0,0,,0.0
595,Dylan McIlrath,23,D,NYR,34,2,2,4,7,64,2,0,0,0,2,0,0,28,7.1,480,14:07,35,93,0,0,,1.5
596,Greg McKegg,23,C,FLA,15,2,0,2,1,2,2,0,0,0,0,0,0,14,14.3,124,8:15,6,20,50,61,45.0,0.3
597,Curtis McKenzie,24,LW,DAL,3,0,0,0,-1,0,0,0,0,0,0,0,0,3,0.0,26,8:48,1,4,0,0,,-0.1
598,Cody McLeod,31,LW,COL,82,8,5,13,1,138,7,1,0,1,5,0,0,73,11.0,864,10:32,28,240,1,0,100.0,1.0
599,Brayden McNabb,25,D,LAK,81,2,12,14,11,92,2,0,0,1,10,1,1,91,2.2,1524,18:49,95,206,0,0,,4.2
600,Mark McNeill,22,RW,CHI,1,0,0,0,0,0,0,0,0,0,0,0,0,0,,13,12:44,0,3,0,1,0.0,0.0
601,Adam McQuaid,29,D,BOS,64,1,8,9,6,89,1,0,0,0,8,0,0,42,2.4,1155,18:02,121,142,0,0,,2.3
602,Evgeny Medvedev,33,D,PHI,45,4,8,12,5,34,3,1,0,1,6,2,0,71,5.6,847,18:50,34,38,0,0,,3.0
603,Jayson Megna,25,C,NYR,6,1,1,2,-1,2,1,0,0,0,1,0,0,9,11.1,73,12:15,1,6,1,0,100.0,0.2
604,Julian Melchiori,24,D,WPG,11,0,0,0,1,0,0,0,0,0,0,0,0,12,0.0,150,13:36,9,18,0,0,,0.2
605,Jonathon Merrill,23,D,NJD,47,1,4,5,-15,28,1,0,0,1,3,1,0,30,3.3,794,16:54,54,48,0,0,,0.7
606,Michael Mersch,23,LW,LAK,17,1,2,3,1,0,1,0,0,0,2,0,0,23,4.3,176,10:23,10,26,1,3,25.0,0.2
607,Marc Methot,30,D,OTT,69,5,7,12,12,34,5,0,0,0,7,0,0,74,6.8,1425,20:39,90,124,0,0,,3.3
608,Milan Michalek,31,LW,TOT,45,7,9,16,0,18,4,3,0,0,6,3,0,64,10.9,725,16:07,27,42,3,5,37.5,1.3
609,Milan Michalek,31,LW,OTT,32,6,4,10,1,12,3,3,0,0,4,0,0,56,10.7,538,16:48,21,23,2,3,40.0,0.9
610,Milan Michalek,31,LW,TOR,13,1,5,6,-1,6,1,0,0,0,2,3,0,8,12.5,187,14:25,6,19,1,2,33.3,0.4
611,Zbynek Michalek,33,D,ARI,70,2,5,7,3,20,2,0,0,0,5,0,0,69,2.9,1191,17:01,123,84,0,0,,2.1
612,Sonny Milano,19,LW,CBJ,3,0,1,1,1,0,0,0,0,0,1,0,0,2,0.0,40,13:23,2,4,0,0,,0.1
613,Andrew Miller,27,C,EDM,6,0,0,0,-1,0,0,0,0,0,0,0,0,3,0.0,55,9:07,0,4,13,16,44.8,-0.1
614,Colin Miller,23,D,BOS,42,3,13,16,0,39,3,0,0,0,8,5,0,59,5.1,663,15:48,36,45,0,0,,2.5
615,Drew Miller,31,LW,DET,28,1,1,2,-5,2,1,0,0,0,1,0,0,27,3.7,363,12:58,33,39,1,1,50.0,-0.5
616,J.T. Miller,22,C,NYR,82,22,21,43,10,46,20,2,0,5,19,2,0,135,16.3,1233,15:02,48,174,68,89,43.3,5.5
617,Kevan Miller,28,D,BOS,71,5,13,18,15,53,5,0,0,0,12,1,0,64,7.8,1353,19:04,123,164,0,0,,4.6
618,John Mitchell,31,C,COL,71,10,11,21,-7,52,10,0,0,3,10,1,0,101,9.9,1082,15:15,65,85,415,434,48.9,1.4
619,Torrey Mitchell,31,C,MTL,71,11,8,19,2,51,10,0,1,3,6,0,2,69,15.9,901,12:41,38,67,370,347,51.6,1.9
620,Willie Mitchell,38,D,FLA,46,1,6,7,-2,18,1,0,0,1,6,0,0,33,3.0,917,19:56,70,68,0,0,,1.2
621,Travis Moen,33,LW,DAL,23,0,2,2,-3,21,0,0,0,0,1,0,1,12,0.0,188,8:12,13,30,4,1,80.0,-0.3
622,Sean Monahan,21,C,CGY,81,27,36,63,-6,18,20,7,0,5,23,13,0,197,13.7,1552,19:10,37,38,887,852,51.0,6.9
623,Dominic Moore,35,C,NYR,80,6,9,15,-2,32,6,0,0,2,9,0,0,94,6.4,1064,13:18,35,51,476,384,55.3,0.3
624,John Moore,25,D,NJD,73,4,15,19,-12,28,3,1,0,3,10,5,0,106,3.8,1448,19:50,83,93,0,0,,4.0
625,Josh Morrissey,20,D,WPG,1,0,0,0,0,0,0,0,0,0,0,0,0,1,0.0,16,15:54,2,1,0,0,,0.0
626,Joseph Morrow,23,D,BOS,33,1,6,7,-7,4,1,0,0,0,4,2,0,44,2.3,525,15:54,35,28,0,0,,0.6
627,Kael Mouillierat,28,LW,PIT,1,0,0,0,0,2,0,0,0,0,0,0,0,1,0.0,11,10:41,0,4,5,6,45.5,0.0
628,Matt Moulson,32,LW,BUF,81,8,13,21,-5,16,6,2,0,1,8,5,0,111,7.2,964,11:54,23,45,0,5,0.0,1.7
629,Vojtech Mozik,23,D,NJD,7,0,0,0,0,4,0,0,0,0,0,0,0,6,0.0,93,13:14,5,12,0,0,,0.2
630,Mirco Mueller,20,D,SJS,11,0,0,0,-4,7,0,0,0,0,0,0,0,8,0.0,117,10:36,3,2,0,0,,-0.2
631,Connor Murphy,22,D,ARI,78,6,11,17,5,48,5,1,0,1,9,2,0,101,5.9,1599,20:30,139,175,0,0,,4.2
632,Ryan Murphy,22,D,CAR,35,0,10,10,-1,10,0,0,0,0,9,1,0,47,0.0,604,17:15,22,25,0,0,,1.9
633,Ryan Murray,22,D,CBJ,82,4,21,25,-10,40,3,1,0,0,11,10,0,90,4.4,1873,22:51,171,51,0,0,,3.8
634,Jake Muzzin,26,D,LAK,82,8,32,40,7,64,7,1,0,1,19,12,1,203,3.9,1891,23:04,135,197,0,0,,7.8
635,Tyler Myers,25,D,WPG,73,9,18,27,6,72,9,0,0,0,15,2,1,140,6.4,1651,22:37,95,54,0,1,0.0,5.6
636,Jakub Nakladal,28,D,CGY,27,2,3,5,-5,6,2,0,0,0,2,1,0,42,4.8,383,14:11,23,41,0,0,,0.6
637,Vladislav Namestnikov,23,C,TBL,80,14,21,35,17,45,13,1,0,2,18,3,0,106,13.2,1129,14:07,33,49,175,216,44.8,4.5
638,Rick Nash,31,LW,NYR,60,15,21,36,8,30,11,4,0,4,18,2,1,183,8.2,1016,16:56,24,69,0,1,0.0,4.3
639,Riley Nash,26,C,CAR,64,9,13,22,-5,18,7,2,0,1,9,4,0,76,11.8,829,12:57,21,58,193,197,49.5,2.1
640,James Neal,28,RW,NSH,82,31,27,58,27,65,27,4,0,3,17,10,0,268,11.6,1564,19:04,31,113,8,19,29.6,8.7
641,Chris Neil,36,RW,OTT,80,5,8,13,-3,165,5,0,0,0,8,0,0,70,7.1,744,9:18,12,215,1,1,50.0,0.5
642,Brock Nelson,24,LW,NYI,81,26,14,40,-3,30,23,3,0,3,12,2,0,165,15.8,1280,15:48,50,59,186,202,47.9,5.2
643,Casey Nelson,23,D,BUF,7,0,4,4,1,8,0,0,0,0,2,2,0,5,0.0,104,14:49,4,5,0,0,,0.7
644,Patrik Nemeth,23,D,DAL,38,0,8,8,-1,14,0,0,0,0,7,1,0,36,0.0,594,15:37,47,58,0,0,,1.0
645,Aaron Ness,25,D,WSH,8,0,2,2,4,2,0,0,0,0,2,0,0,8,0.0,99,12:23,7,4,0,0,,0.6
646,Nikita Nesterov,22,D,TBL,57,3,6,9,-6,41,1,2,0,0,4,2,0,57,5.3,849,14:53,31,95,0,0,,1.7
647,Andrej Nestrasil,24,C,CAR,55,9,14,23,4,8,7,2,0,1,14,0,0,105,8.6,789,14:21,13,27,8,17,32.0,2.7
648,Valeri Nichushkin,20,RW,DAL,79,9,20,29,2,12,8,1,0,1,19,1,0,139,6.5,1101,13:56,33,68,0,1,0.0,2.3
649,Nino Niederreiter,23,RW,MIN,82,20,23,43,9,36,18,2,0,1,20,3,0,159,12.6,1275,15:33,19,129,11,16,40.7,5.5
650,Frans Nielsen,31,C,NYI,81,20,32,52,1,12,11,7,2,2,19,13,0,181,11.0,1435,17:43,92,35,586,583,50.1,5.8
651,Matthew Nieto,23,LW,SJS,67,8,9,17,-8,10,6,0,2,1,8,1,0,90,8.9,882,13:10,33,33,2,6,25.0,1.0
652,Nikita Nikitin,29,D,EDM,11,0,1,1,-5,8,0,0,0,0,1,0,0,12,0.0,163,14:48,9,14,0,0,,-0.1
653,Matt Niskanen,29,D,WSH,82,5,27,32,10,38,3,2,0,3,13,14,0,150,3.3,2022,24:40,145,157,0,0,,6.6
654,Stefan Noesen,22,RW,ANA,1,0,0,0,0,0,0,0,0,0,0,0,0,0,,10,10:02,0,3,0,0,,0.0
655,Jordan Nolan,26,C,LAK,52,0,5,5,0,38,0,0,0,0,5,0,0,49,0.0,463,8:54,8,78,0,1,0.0,-0.2
656,Joakim Nordstrom,23,LW,CAR,71,10,14,24,1,12,9,0,1,1,14,0,0,81,12.3,1109,15:38,32,98,6,4,60.0,2.3
657,Tomas Nosek,23,C,DET,6,0,0,0,-2,2,0,0,0,0,0,0,0,2,0.0,61,10:08,0,6,4,4,50.0,-0.2
658,Ryan Nugent-Hopkins,22,C,EDM,55,12,22,34,-9,18,8,4,0,1,15,7,0,108,11.1,1048,19:04,36,39,369,454,44.8,3.2
659,Darnell Nurse,20,D,EDM,69,3,7,10,-13,60,3,0,0,0,5,1,1,120,2.5,1396,20:14,103,160,0,0,,1.9
660,William Nylander,19,C,TOR,22,6,7,13,1,4,5,1,0,1,5,2,0,43,14.0,359,16:20,5,5,143,148,49.1,1.6
661,Gustav Nyquist,26,RW,DET,82,17,26,43,-2,34,10,7,0,3,21,5,0,161,10.6,1244,15:10,19,58,0,2,0.0,4.7
662,Eric Nystrom,32,LW,NSH,46,7,0,7,-6,20,6,0,1,1,0,0,0,27,25.9,528,11:29,26,92,1,1,50.0,0.5
663,Jim O'Brien,27,C,NJD,4,0,0,0,-4,2,0,0,0,0,0,0,0,3,0.0,54,13:31,2,7,29,20,59.2,-0.2
664,Brian O'Neill,27,C,NJD,22,0,2,2,-3,8,0,0,0,0,2,0,0,14,0.0,228,10:22,9,36,2,4,33.3,-0.2
665,Cal O'Reilly,29,C,BUF,20,3,4,7,-1,2,2,1,0,1,3,1,0,10,30.0,224,11:11,5,3,59,50,54.1,0.8
666,Ryan O'Reilly,24,C,BUF,71,21,39,60,-16,8,12,8,1,2,25,14,0,157,13.4,1543,21:44,43,17,1024,788,56.5,6.4
667,Johnny Oduya,34,D,DAL,82,4,17,21,8,26,3,0,1,0,16,0,1,63,6.3,1671,20:23,172,73,0,0,,4.1
668,Jordan Oesterle,23,D,EDM,17,0,5,5,1,0,0,0,0,0,5,0,0,24,0.0,369,21:41,26,11,0,0,,1.0
669,Kyle Okposo,27,RW,NYI,79,22,42,64,-4,51,15,7,0,4,26,16,0,202,10.9,1438,18:12,39,90,23,40,36.5,7.2
670,Jamie Oleksiak,23,D,DAL,19,0,2,2,-5,21,0,0,0,0,2,0,0,13,0.0,242,12:43,29,54,0,0,,-0.1
671,Gustav Olofsson,21,D,MIN,2,0,0,0,0,0,0,0,0,0,0,0,0,1,0.0,18,9:12,0,2,0,0,,0.0
672,Dylan Olsen,25,D,FLA,8,0,1,1,-1,2,0,0,0,0,1,0,0,9,0.0,110,13:45,7,6,0,0,,0.1
673,Dmitry Orlov,24,D,WSH,82,8,21,29,8,26,8,0,0,3,19,2,0,90,8.9,1314,16:02,61,121,0,0,,5.9
674,Brooks Orpik,35,D,WSH,41,3,7,10,11,24,3,0,0,1,7,0,0,31,9.7,812,19:49,102,125,0,0,,3.0
675,T.J. Oshie,29,RW,WSH,80,26,25,51,16,34,15,11,0,5,19,6,0,185,14.1,1517,18:58,62,134,138,124,52.7,6.7
676,Steve Ott,33,C,STL,21,0,2,2,-3,34,0,0,0,0,2,0,0,21,0.0,229,10:55,5,34,39,31,55.7,-0.3
677,Xavier Ouellet,22,D,DET,5,0,1,1,-2,2,0,0,0,0,1,0,0,4,0.0,81,16:15,3,5,0,0,,0.0
678,Alex Ovechkin,30,LW,WSH,79,50,21,71,21,53,31,19,0,8,16,5,0,398,12.6,1604,20:19,34,225,0,0,,11.7
679,Magnus Paajarvi,24,LW,STL,48,3,6,9,-9,8,3,0,0,1,6,0,0,88,3.4,617,12:51,16,44,0,2,0.0,0.0
680,Max Pacioretty,27,LW,MTL,82,30,34,64,-10,34,21,8,1,6,25,9,0,303,9.9,1519,18:32,37,102,6,7,46.2,7.5
681,Jean-Gabriel Pageau,23,C,OTT,82,19,24,43,17,26,11,1,7,2,21,1,2,133,14.3,1370,16:42,60,166,614,563,52.2,5.3
682,Daniel Paille,31,LW,NYR,12,0,0,0,-2,0,0,0,0,0,0,0,0,11,0.0,137,11:25,9,16,0,1,0.0,-0.3
683,Iiro Pakarinen,24,RW,EDM,63,5,8,13,-10,8,5,0,0,0,6,2,0,76,6.6,677,10:45,21,152,5,8,38.5,0.5
684,Ondrej Palat,24,LW,TBL,62,16,24,40,10,20,13,1,2,4,17,6,1,117,13.7,1111,17:55,39,108,2,6,25.0,5.1
685,Michael Paliotta,22,D,CBJ,1,0,0,0,0,4,0,0,0,0,0,0,0,2,0.0,8,7:32,1,0,0,0,,0.0
686,Kyle Palmieri,24,RW,NJD,82,30,27,57,3,39,19,11,0,4,15,12,0,222,13.5,1460,17:48,51,129,10,17,37.0,8.2
687,Artemi Panarin,24,LW,CHI,80,30,47,77,8,32,22,8,0,7,31,16,0,187,16.0,1482,18:31,14,46,0,0,,9.8
688,Richard Panik,24,RW,CHI,30,6,2,8,4,6,6,0,0,1,2,0,0,39,15.4,325,10:50,11,54,1,1,50.0,1.2
689,Cedric Paquette,22,C,TBL,56,6,5,11,-2,51,5,0,1,1,5,0,0,50,12.0,713,12:44,31,137,141,142,49.8,0.7
690,Colton Parayko,22,D,STL,79,9,24,33,28,29,6,3,0,3,20,4,0,165,5.5,1532,19:23,122,102,0,0,,8.8
691,Adam Pardy,31,D,TOT,23,0,4,4,-7,14,0,0,0,0,3,0,1,22,0.0,365,15:53,32,32,0,0,,0.2
692,Adam Pardy,31,D,WPG,14,0,1,1,-3,8,0,0,0,0,0,0,1,10,0.0,183,13:06,10,20,0,0,,0.0
693,Adam Pardy,31,D,EDM,9,0,3,3,-4,6,0,0,0,0,3,0,0,12,0.0,182,20:13,22,12,0,0,,0.2
694,P.A. Parenteau,32,RW,TOR,77,20,21,41,0,68,13,7,0,3,17,4,0,168,11.9,1252,16:16,26,48,4,14,22.2,4.8
695,Zach Parise,31,LW,MIN,70,25,28,53,-3,36,18,7,0,7,17,11,0,234,10.7,1350,19:18,42,71,0,4,0.0,6.6
696,David Pastrnak,19,RW,BOS,51,15,11,26,3,20,15,0,0,2,10,1,0,108,13.9,711,13:57,15,52,0,3,0.0,3.5
697,Greg Pateryn,25,D,MTL,38,1,6,7,-8,49,1,0,0,0,6,0,0,32,3.1,636,16:45,52,100,0,0,,0.8
698,Nick Paul,20,LW,OTT,24,2,3,5,-3,6,2,0,0,0,3,0,0,28,7.1,293,12:12,9,43,31,29,51.7,0.1
699,Joe Pavelski,31,C,SJS,82,38,40,78,25,30,26,12,0,11,24,16,0,224,17.0,1625,19:49,67,147,516,422,55.0,11.5
700,Tanner Pearson,23,LW,LAK,79,15,21,36,11,18,13,2,0,4,19,2,0,137,10.9,1142,14:28,34,104,8,17,32.0,4.3
701,Andrey Pedan,22,D,VAN,13,0,0,0,-3,18,0,0,0,0,0,0,0,11,0.0,142,10:57,8,40,0,0,,-0.1
702,Adam Pelech,21,D,NYI,9,0,2,2,-1,0,0,0,0,0,2,0,0,8,0.0,158,17:35,16,16,0,0,,0.3
703,Anthony Peluso,26,RW,WPG,35,1,4,5,4,44,1,0,0,0,4,0,0,16,6.3,223,6:23,4,81,0,0,,0.5
704,Stuart Percy,22,D,TOR,3,0,0,0,-2,0,0,0,0,0,0,0,0,1,0.0,39,13:10,3,4,0,0,,-0.1
705,Mathieu Perreault,28,C,WPG,71,9,32,41,-11,36,3,6,0,1,23,9,0,133,6.8,1175,16:33,33,83,94,109,46.3,3.2
706,David Perron,27,LW,TOT,71,12,24,36,-1,62,8,4,0,1,16,8,0,147,8.2,1080,15:13,23,142,2,8,20.0,3.6
707,David Perron,27,LW,PIT,43,4,12,16,-13,28,3,1,0,0,8,4,0,96,4.2,665,15:28,14,105,1,4,20.0,0.5
708,David Perron,27,LW,ANA,28,8,12,20,12,34,5,3,0,1,8,4,0,51,15.7,415,14:49,9,37,1,4,20.0,3.1
709,Corey Perry,30,RW,ANA,82,34,28,62,2,68,22,12,0,6,16,12,0,215,15.8,1452,17:42,36,104,2,8,20.0,8.9
710,Brett Pesce,21,D,CAR,69,4,12,16,-7,16,3,1,0,1,8,4,0,85,4.7,1295,18:46,83,30,0,1,0.0,3.6
711,Nic Petan,20,LW,WPG,26,2,4,6,2,10,2,0,0,0,3,1,0,25,8.0,305,11:45,4,7,12,9,57.1,0.5
712,Alexander Petrovic,23,D,FLA,66,2,15,17,17,90,2,0,0,0,14,0,1,53,3.8,1119,16:57,76,157,0,0,,4.2
713,Jeff Petry,28,D,MTL,51,5,11,16,-6,16,4,1,0,2,4,4,3,98,5.1,1089,21:21,73,86,1,0,100.0,2.8
714,Dion Phaneuf,30,D,TOT,71,4,28,32,-7,90,4,0,0,0,17,9,2,144,2.8,1587,22:21,89,168,0,0,,4.7
715,Dion Phaneuf,30,D,TOR,51,3,21,24,-4,67,3,0,0,0,14,7,0,116,2.6,1123,22:02,62,120,0,0,,3.9
716,Dion Phaneuf,30,D,OTT,20,1,7,8,-3,23,1,0,0,0,3,2,2,28,3.6,463,23:10,27,48,0,0,,0.9
717,Blake Pietila,22,LW,NJD,7,1,1,2,0,2,1,0,0,0,1,0,0,10,10.0,84,12:02,3,19,0,0,,0.2
718,Alex Pietrangelo,26,D,STL,73,7,30,37,10,20,6,1,0,1,25,4,1,182,3.8,1920,26:18,136,48,0,0,,7.9
719,Brandon Pirri,24,C,TOT,61,14,15,29,-4,30,11,3,0,3,8,7,0,128,10.9,886,14:31,14,66,66,77,46.2,3.2
720,Brandon Pirri,24,C,FLA,52,11,13,24,-4,30,8,3,0,2,8,5,0,111,9.9,771,14:50,11,55,66,75,46.8,2.4
721,Brandon Pirri,24,C,ANA,9,3,2,5,0,0,3,0,0,1,0,2,0,17,17.6,115,12:44,3,11,0,2,0.0,0.7
722,Tomas Plekanec,33,C,MTL,82,14,40,54,4,36,13,1,0,1,28,12,0,189,7.4,1520,18:32,46,60,804,811,49.8,5.2
723,Sergei Plotnikov,25,LW,TOT,45,0,3,3,-3,24,0,0,0,0,3,0,0,41,0.0,445,9:53,10,107,1,1,50.0,-0.6
724,Sergei Plotnikov,25,LW,PIT,32,0,2,2,-3,20,0,0,0,0,2,0,0,32,0.0,310,9:41,3,65,1,1,50.0,-0.5
725,Sergei Plotnikov,25,LW,ARI,13,0,1,1,0,4,0,0,0,0,1,0,0,9,0.0,135,10:22,7,42,0,0,,-0.1
726,Emile Poirier,21,LW,CGY,2,0,0,0,-1,2,0,0,0,0,0,0,0,3,0.0,28,13:54,1,4,0,0,,-0.1
727,Roman Polak,29,D,TOT,79,1,15,16,6,72,1,0,0,0,15,0,0,91,1.1,1513,19:09,146,303,1,0,100.0,3.9
728,Roman Polak,29,D,TOR,55,1,12,13,8,56,1,0,0,0,12,0,0,56,1.8,1086,19:44,102,220,1,0,100.0,3.4
729,Roman Polak,29,D,SJS,24,0,3,3,-2,16,0,0,0,0,3,0,0,35,0.0,428,17:49,44,83,0,0,,0.5
730,Jason Pominville,33,RW,MIN,75,11,25,36,10,12,8,3,0,2,18,7,0,187,5.9,1227,16:22,31,31,37,45,45.1,3.8
731,Chris Porter,31,LW,MIN,61,4,3,7,-6,6,4,0,0,0,3,0,0,45,8.9,588,9:38,12,157,0,1,0.0,0.1
732,Kevin Porter,29,C,PIT,41,0,3,3,-2,0,0,0,0,0,3,0,0,34,0.0,464,11:19,25,96,44,43,50.6,-0.6
733,Paul Postma,26,D,WPG,26,2,0,2,-3,4,2,0,0,0,0,0,0,24,8.3,298,11:27,14,13,0,0,,0.4
734,Corey Potter,32,D,NSH,1,0,0,0,0,0,0,0,0,0,0,0,0,0,,15,14:44,1,0,0,0,,0.0
735,Benoit Pouliot,29,LW,EDM,55,14,22,36,-6,30,8,5,1,0,18,4,0,109,12.8,883,16:03,25,35,20,29,40.8,4.0
736,Derrick Pouliot,22,D,PIT,22,0,7,7,4,2,0,0,0,0,7,0,0,25,0.0,340,15:27,18,16,0,0,,1.3
737,Shane Prince,23,LW,TOT,62,6,11,17,5,10,6,0,0,1,11,0,0,88,6.8,696,11:14,14,24,4,1,80.0,1.6
738,Shane Prince,23,LW,OTT,42,3,9,12,2,6,3,0,0,1,9,0,0,62,4.8,446,10:38,9,16,2,1,66.7,1.0
739,Shane Prince,23,LW,NYI,20,3,2,5,3,4,3,0,0,0,2,0,0,26,11.5,250,12:30,5,8,2,0,100.0,0.6
740,Nate Prosser,29,D,MIN,54,0,3,3,1,39,0,0,0,0,2,0,1,20,0.0,615,11:23,73,34,0,0,,1.1
741,Dalton Prout,25,D,CBJ,64,3,6,9,-6,102,3,0,0,0,6,0,0,69,4.3,1035,16:10,70,139,0,1,0.0,1.6
742,Brandon Prust,31,LW,VAN,35,1,6,7,-3,59,1,0,0,1,6,0,0,19,5.3,447,12:47,15,40,6,5,54.5,0.1
743,Matt Puempel,23,LW,OTT,26,2,1,3,-3,9,2,0,0,1,1,0,0,26,7.7,295,11:20,10,18,1,1,50.0,-0.1
744,Teemu Pulkkinen,24,LW,DET,36,6,6,12,2,14,5,1,0,1,4,2,0,65,9.2,416,11:34,8,5,0,1,0.0,1.4
745,Ryan Pulock,21,D,NYI,15,2,2,4,1,5,2,0,0,0,2,0,0,15,13.3,236,15:44,11,13,0,0,,1.0
746,Teddy Purcell,30,RW,TOT,76,14,29,43,-11,12,12,2,0,2,20,8,1,149,9.4,1279,16:50,15,31,2,4,33.3,3.9
747,Teddy Purcell,30,RW,EDM,61,11,21,32,-9,10,9,2,0,2,17,3,1,130,8.5,1064,17:27,14,27,1,4,20.0,2.8
748,Teddy Purcell,30,RW,FLA,15,3,8,11,-2,2,3,0,0,0,3,5,0,19,15.8,215,14:19,1,4,1,0,100.0,1.1
749,Mark Pysyk,24,D,BUF,55,1,10,11,-1,32,1,0,0,0,8,1,1,44,2.3,875,15:54,49,37,0,0,,2.4
750,Kyle Quincey,30,D,DET,47,4,7,11,1,36,4,0,0,2,7,0,0,62,6.5,929,19:46,62,49,0,0,,2.8
751,Alan Quine,22,C,NYI,2,1,0,1,0,0,0,0,1,0,0,0,0,5,20.0,36,17:46,3,3,16,10,61.5,0.2
752,Michael Raffl,27,LW,PHI,82,13,18,31,9,30,12,1,0,4,17,1,0,132,9.8,1173,14:18,34,135,33,49,40.2,3.4
753,Rickard Rakell,22,C,ANA,72,20,23,43,-1,19,16,4,0,7,17,6,0,169,11.8,1157,16:04,30,121,197,254,43.7,5.4
754,John Ramage,24,D,CBJ,1,0,0,0,-2,0,0,0,0,0,0,0,0,0,,14,14:09,4,0,0,0,,-0.2
755,Tyler Randell,24,RW,BOS,27,6,0,6,-2,47,6,0,0,1,0,0,0,18,33.3,189,6:59,8,39,0,0,,0.9
756,Mikko Rantanen,19,RW,COL,9,0,0,0,-7,2,0,0,0,0,0,0,0,9,0.0,81,8:57,11,0,13,11,54.2,-0.4
757,Victor Rask,22,C,CAR,80,21,27,48,-6,24,16,5,0,5,14,13,0,160,13.1,1359,16:59,34,32,479,456,51.2,5.6
758,Dennis Rasmussen,25,C,CHI,44,4,5,9,9,4,4,0,0,1,5,0,0,42,9.5,403,9:10,20,36,144,163,46.9,1.2
759,Ty Rattie,22,RW,STL,13,4,2,6,1,4,4,0,0,0,2,0,0,16,25.0,121,9:17,2,6,0,0,,1.0
760,Kyle Rau,23,C,FLA,9,0,0,0,-1,2,0,0,0,0,0,0,0,15,0.0,113,12:35,3,4,0,0,,-0.2
761,Mason Raymond,30,LW,CGY,29,4,1,5,-3,8,4,0,0,0,1,0,0,53,7.5,358,12:20,7,12,3,4,42.9,0.2
762,Matt Read,29,RW,PHI,79,11,15,26,-5,27,9,2,0,2,10,5,0,127,8.7,1205,15:15,60,81,24,26,48.0,1.9
763,Ryan Reaves,29,RW,STL,64,3,1,4,-6,68,3,0,0,0,1,0,0,31,9.7,514,8:02,10,206,1,1,50.0,-0.3
764,Zach Redmond,27,D,COL,37,2,4,6,5,10,1,1,0,0,4,0,0,22,9.1,436,11:47,39,47,0,0,,1.7
765,Brent Regner,26,D,FLA,7,0,0,0,-2,4,0,0,0,0,0,0,0,7,0.0,81,11:35,7,4,0,0,,-0.1
766,Mike Reilly,22,D,MIN,29,1,6,7,-4,8,1,0,0,0,4,2,0,27,3.7,350,12:05,23,3,0,0,,0.9
767,Griffin Reinhart,22,D,EDM,29,0,1,1,-6,20,0,0,0,0,1,0,0,24,0.0,524,18:04,46,62,0,0,,0.2
768,Sam Reinhart,20,C,BUF,79,23,19,42,-8,8,15,8,0,3,17,2,0,165,13.9,1330,16:50,26,26,36,72,33.3,5.2
769,Borna Rendulic,23,RW,COL,3,0,0,0,-2,0,0,0,0,0,0,0,0,1,0.0,23,7:32,3,1,0,3,0.0,-0.1
770,Mike Ribeiro,35,C,NSH,81,7,43,50,11,62,5,2,0,0,30,13,0,76,9.2,1413,17:27,20,61,288,472,37.9,4.6
771,Brad Richards,35,C,DET,68,10,18,28,4,8,6,4,0,1,8,10,0,164,6.1,1006,14:48,12,16,124,126,49.6,2.8
772,Mike Richards,30,C,WSH,39,2,3,5,-2,8,2,0,0,1,3,0,0,46,4.3,475,12:11,19,39,235,240,49.5,-0.1
773,Brad Richardson,30,RW,ARI,82,11,20,31,8,46,11,0,0,3,20,0,0,117,9.4,1281,15:37,53,57,523,438,54.4,2.9
774,Tobias Rieder,23,RW,ARI,82,14,23,37,-21,10,12,2,0,1,16,6,1,189,7.4,1419,17:18,43,54,10,19,34.5,2.5
775,Morgan Rielly,21,D,TOR,82,9,27,36,-17,28,6,2,1,0,21,6,0,167,5.4,1905,23:14,122,58,0,0,,5.6
776,Zac Rinaldo,25,C,BOS,52,1,2,3,-5,83,1,0,0,0,2,0,0,38,2.6,431,8:18,15,154,0,1,0.0,-0.5
777,Rasmus Ristolainen,21,D,BUF,82,9,32,41,-21,33,5,4,0,1,15,17,0,202,4.5,2073,25:17,137,139,0,0,,6.7
778,Brett Ritchie,22,RW,DAL,8,0,1,1,-3,7,0,0,0,0,1,0,0,15,0.0,93,11:36,3,30,0,0,,-0.2
779,Nick Ritchie,20,LW,ANA,33,2,2,4,-2,37,2,0,0,0,2,0,0,55,3.6,388,11:46,10,93,1,2,33.3,0.0
780,Buddy Robinson,24,RW,OTT,3,1,1,2,2,4,1,0,0,1,1,0,0,5,20.0,26,8:36,1,11,0,1,0.0,0.4
781,Evan Rodrigues,22,C,BUF,2,1,1,2,2,0,1,0,0,0,1,0,0,8,12.5,24,11:45,0,3,0,0,,0.4
782,Antoine Roussel,26,LW,DAL,80,13,16,29,11,123,13,0,0,6,14,1,1,111,11.7,1109,13:51,58,123,15,20,42.9,3.2
783,Michal Rozsival,37,D,CHI,51,1,12,13,3,33,1,0,0,0,9,2,1,41,2.4,824,16:10,63,81,0,0,,2.5
784,Chad Ruhwedel,25,D,BUF,1,0,0,0,0,2,0,0,0,0,0,0,0,1,0.0,16,15:30,2,3,0,0,,0.0
785,David Rundblad,25,D,CHI,9,0,2,2,-2,6,0,0,0,0,0,2,0,13,0.0,129,14:22,3,3,0,0,,0.2
786,Kris Russell,28,D,TOT,62,4,15,19,-5,10,2,2,0,1,13,2,0,70,5.7,1431,23:05,210,40,0,1,0.0,2.8
787,Kris Russell,28,D,CGY,51,4,11,15,-4,8,2,2,0,1,11,0,0,56,7.1,1166,22:52,174,31,0,1,0.0,2.4
788,Kris Russell,28,D,DAL,11,0,4,4,-1,2,0,0,0,0,2,2,0,14,0.0,264,24:02,36,9,0,0,,0.5
789,Bryan Rust,23,RW,PIT,41,4,7,11,1,12,4,0,0,1,6,1,0,68,5.9,512,12:30,23,62,1,3,25.0,0.8
790,Tuomo Ruutu,32,LW,NJD,33,0,1,1,-7,8,0,0,0,0,1,0,0,34,0.0,380,11:30,8,63,2,3,40.0,-0.7
791,Bobby Ryan,28,RW,OTT,81,22,34,56,-9,28,16,6,0,2,24,10,0,183,12.0,1391,17:10,24,106,3,8,27.3,6.0
792,Derek Ryan,29,C,CAR,6,2,0,2,1,2,1,1,0,0,0,0,0,5,40.0,73,12:12,0,2,35,24,59.3,0.4
793,Kerby Rychel,21,LW,CBJ,32,2,7,9,5,15,2,0,0,0,7,0,0,32,6.3,304,9:31,9,39,1,2,33.3,0.9
794,Brandon Saad,23,LW,CBJ,78,31,22,53,1,14,25,6,0,7,19,2,1,233,13.3,1343,17:13,25,43,19,15,55.9,7.2
795,Miikka Salomaki,22,RW,NSH,61,5,5,10,-1,28,5,0,0,1,4,0,1,61,8.2,732,12:00,30,164,2,1,66.7,0.4
796,Philip Samuelsson,24,D,ARI,4,0,0,0,0,2,0,0,0,0,0,0,0,5,0.0,64,15:53,11,3,0,0,,0.0
797,Steven Santini,20,D,NJD,1,0,0,0,2,2,0,0,0,0,0,0,0,1,0.0,15,14:35,2,0,0,0,,0.2
798,Mike Santorelli,30,C,ANA,70,9,9,18,-4,8,8,1,0,1,7,2,0,81,11.1,706,10:06,20,28,75,83,47.5,1.9
799,David Savard,25,D,CBJ,65,4,21,25,-7,45,3,1,0,0,16,4,1,122,3.3,1506,23:10,111,122,0,0,,3.8
800,Luca Sbisa,26,D,VAN,41,2,6,8,5,26,2,0,0,1,5,0,1,29,6.9,712,17:23,58,71,0,0,,2.4
801,Marco Scandella,25,D,MIN,73,5,16,21,6,22,3,2,0,0,14,1,1,126,4.0,1511,20:42,105,66,0,0,,5.0
802,Colton Sceviour,26,C,DAL,71,11,12,23,6,21,10,1,0,1,9,2,1,125,8.8,900,12:40,52,71,9,15,37.5,2.4
803,Tim Schaller,25,C,BUF,17,1,2,3,3,2,0,0,1,1,2,0,0,18,5.6,142,8:19,9,13,40,73,35.4,0.4
804,Mark Scheifele,22,C,WPG,71,29,32,61,16,48,22,7,0,3,28,4,0,194,14.9,1317,18:33,36,53,515,651,44.2,8.6
805,Brayden Schenn,24,C,PHI,80,26,33,59,3,33,15,11,0,5,22,11,0,178,14.6,1352,16:54,30,187,52,64,44.8,7.4
806,Luke Schenn,26,D,TOT,72,4,12,16,-2,82,3,1,0,0,12,0,0,76,5.3,1265,17:34,106,234,1,1,50.0,3.3
807,Luke Schenn,26,D,LAK,43,2,9,11,5,52,1,1,0,0,9,0,0,57,3.5,755,17:34,66,163,0,0,,2.6
808,Luke Schenn,26,D,PHI,29,2,3,5,-7,30,2,0,0,0,3,0,0,19,10.5,510,17:35,40,71,1,1,50.0,0.6
809,David Schlemko,28,D,NJD,67,6,13,19,-22,16,5,1,0,3,2,11,0,104,5.8,1249,18:39,88,47,0,0,,3.1
810,Nate Schmidt,24,D,WSH,72,2,14,16,12,16,2,0,0,1,14,0,0,80,2.5,1301,18:04,111,69,0,0,,4.0
811,Cole Schneider,25,LW,BUF,2,0,0,0,0,0,0,0,0,0,0,0,0,5,0.0,25,12:38,0,3,0,0,,0.0
812,Jordan Schroeder,25,C,MIN,26,2,2,4,2,2,2,0,0,0,2,0,0,30,6.7,245,9:25,13,15,1,2,33.3,0.4
813,Jeff Schultz,29,D,LAK,1,0,0,0,-1,0,0,0,0,0,0,0,0,1,0.0,18,18:15,2,0,0,0,,-0.1
814,Justin Schultz,25,D,TOT,63,4,14,18,-15,16,2,2,0,0,8,6,0,82,4.9,1162,18:27,72,36,0,2,0.0,2.3
815,Justin Schultz,25,D,EDM,45,3,7,10,-22,14,2,1,0,0,2,5,0,59,5.1,906,20:08,66,29,0,2,0.0,0.6
816,Justin Schultz,25,D,PIT,18,1,7,8,7,2,0,1,0,0,6,1,0,23,4.3,256,14:14,6,7,0,0,,1.8
817,Nick Schultz,33,D,PHI,81,1,9,10,-1,42,1,0,0,0,9,0,0,70,1.4,1454,17:57,174,85,1,0,100.0,2.5
818,Jaden Schwartz,23,LW,STL,33,8,14,22,8,8,7,1,0,1,10,4,0,63,12.7,568,17:12,21,26,15,17,46.9,2.8
819,John Scott,33,LW,TOT,12,0,1,1,-1,27,0,0,0,0,1,0,0,6,0.0,78,6:32,3,23,0,0,,-0.1
820,John Scott,33,LW,ARI,11,0,1,1,0,25,0,0,0,0,1,0,0,6,0.0,69,6:18,3,20,0,0,,0.0
821,John Scott,33,LW,MTL,1,0,0,0,-1,2,0,0,0,0,0,0,0,0,,9,9:01,0,3,0,0,,-0.1
822,Rob Scuderi,37,D,TOT,63,0,10,10,7,10,0,0,0,0,9,0,1,35,0.0,996,15:49,75,31,0,1,0.0,2.5
823,Rob Scuderi,37,D,PIT,25,0,4,4,4,8,0,0,0,0,3,0,1,9,0.0,427,17:05,32,10,0,1,0.0,1.1
824,Rob Scuderi,37,D,LAK,21,0,6,6,9,2,0,0,0,0,6,0,0,12,0.0,380,18:07,33,14,0,0,,1.8
825,Rob Scuderi,37,D,CHI,17,0,0,0,-6,0,0,0,0,0,0,0,0,14,0.0,189,11:06,10,7,0,0,,-0.3
826,Brent Seabrook,30,D,CHI,81,14,35,49,6,32,8,6,0,3,16,19,0,167,8.4,1849,22:49,150,121,0,0,,9.2
827,Daniel Sedin,35,LW,VAN,82,28,33,61,7,36,20,8,0,6,21,11,1,258,10.9,1503,18:20,19,20,5,14,26.3,8.0
828,Henrik Sedin,35,C,VAN,74,11,44,55,0,24,5,5,1,0,29,15,0,99,11.1,1360,18:23,19,9,620,727,46.0,5.4
829,Tyler Seguin,24,C,DAL,72,33,40,73,2,16,26,7,0,6,23,17,0,278,11.9,1400,19:27,27,80,470,376,55.6,9.6
830,Dennis Seidenberg,34,D,BOS,61,1,11,12,-1,24,1,0,0,0,10,1,0,66,1.5,1183,19:24,120,127,0,0,,2.0
831,Jiri Sekac,23,LW,TOT,39,1,5,6,-5,16,0,1,0,0,4,1,0,49,2.0,455,11:40,18,50,2,2,50.0,-0.1
832,Jiri Sekac,23,LW,ANA,22,1,2,3,0,4,0,1,0,0,1,1,0,29,3.4,268,12:11,10,18,0,2,0.0,0.1
833,Jiri Sekac,23,LW,ARI,11,0,2,2,-4,10,0,0,0,0,2,0,0,9,0.0,127,11:30,8,25,2,0,100.0,-0.2
834,Jiri Sekac,23,LW,CHI,6,0,1,1,-1,2,0,0,0,0,1,0,0,11,0.0,60,10:04,0,7,0,0,,0.0
835,Andrej Sekera,29,D,EDM,81,6,24,30,-15,12,4,2,0,2,11,12,1,155,3.9,1769,21:50,156,60,0,0,,4.7
836,Eric Selleck,28,RW,ARI,1,0,0,0,0,5,0,0,0,0,0,0,0,1,0.0,10,9:33,0,3,0,0,,0.0
837,Alexander Semin,31,LW,MTL,15,1,3,4,1,12,1,0,0,0,3,0,0,18,5.6,185,12:20,4,6,1,0,100.0,0.3
838,Tom Sestito,28,LW,PIT,4,0,1,1,1,19,0,0,0,0,1,0,0,1,0.0,23,5:48,1,13,0,0,,0.1
839,Damon Severson,21,D,NJD,72,1,20,21,-8,32,1,0,0,0,15,5,0,94,1.1,1308,18:10,41,66,0,0,,4.0
840,Michael Sgarbossa,23,C,ANA,1,0,0,0,0,0,0,0,0,0,0,0,0,0,,8,8:21,2,0,2,2,50.0,0.0
841,Patrick Sharp,34,LW,DAL,76,20,35,55,-3,27,13,7,0,6,18,17,0,226,8.8,1339,17:37,24,76,16,17,48.5,5.9
842,Kevin Shattenkirk,27,D,STL,72,14,30,44,-14,51,8,6,0,1,9,20,1,180,7.8,1614,22:25,113,82,0,0,,7.1
843,Andrew Shaw,24,RW,CHI,78,14,20,34,11,69,10,4,0,2,16,4,0,153,9.2,1143,14:39,21,148,146,168,46.5,3.9
844,Logan Shaw,24,RW,FLA,53,5,2,7,-7,13,4,1,0,1,2,0,0,72,6.9,649,12:14,20,88,16,21,43.2,-0.1
845,Riley Sheahan,24,C,DET,81,14,11,25,-8,12,10,3,1,2,10,1,0,128,10.9,1234,15:14,40,72,358,424,45.8,2.1
846,Conor Sheary,23,LW,PIT,44,7,3,10,-1,8,7,0,0,0,3,0,0,51,13.7,429,9:45,5,15,1,7,12.5,1.1
847,Hunter Shinkaruk,21,C,TOT,8,2,1,3,-4,2,1,1,0,0,0,1,0,12,16.7,120,14:58,3,9,0,1,0.0,0.2
848,Hunter Shinkaruk,21,C,CGY,7,2,1,3,-4,2,1,1,0,0,0,1,0,12,16.7,110,15:44,3,8,0,1,0.0,0.2
849,Hunter Shinkaruk,21,C,VAN,1,0,0,0,0,0,0,0,0,0,0,0,0,0,,10,9:35,0,1,0,0,,0.0
850,Devin Shore,21,C,DAL,3,0,0,0,2,0,0,0,0,0,0,0,0,1,0.0,36,12:07,0,2,0,1,0.0,0.0
851,Drew Shore,25,C,CGY,2,0,1,1,0,2,0,0,0,0,1,0,0,3,0.0,28,14:00,1,0,4,6,40.0,0.1
852,Nick Shore,23,C,LAK,68,3,7,10,-10,32,3,0,0,1,5,2,0,90,3.3,844,12:24,17,97,384,357,51.8,-0.4
853,Patrick Sieloff,21,D,CGY,1,1,0,1,1,2,1,0,0,1,0,0,0,1,100.0,18,17:59,2,3,0,0,,0.3
854,Jakob Silfverberg,25,RW,ANA,82,20,19,39,8,32,18,2,0,2,16,2,1,215,9.3,1392,16:58,58,87,4,16,20.0,5.0
855,Zach Sill,27,C,WSH,10,1,0,1,0,2,1,0,0,0,0,0,0,13,7.7,99,9:56,6,20,33,44,42.9,0.1
856,Wayne Simmonds,27,RW,PHI,81,32,28,60,-7,147,19,13,0,5,20,8,0,229,14.0,1396,17:14,44,192,5,2,71.4,7.6
857,Dominik Simon,21,C,PIT,3,0,1,1,0,0,0,0,0,0,1,0,0,2,0.0,18,6:04,1,1,0,0,,0.1
858,Mike Sislo,28,RW,NJD,18,3,1,4,-2,4,2,1,0,0,1,0,0,29,10.3,224,12:26,6,25,0,2,0.0,0.4
859,Colton Sissons,22,C,NSH,34,4,2,6,5,12,4,0,0,0,2,0,0,25,16.0,339,9:58,20,35,141,111,56.0,0.8
860,Jack Skille,28,RW,COL,74,8,6,14,-4,11,8,0,0,0,6,0,0,106,7.5,654,8:50,25,97,4,15,21.1,1.2
861,Jeff Skinner,23,LW,CAR,82,28,23,51,-1,38,24,4,0,7,20,3,0,258,10.9,1336,16:17,17,21,20,27,42.6,7.0
862,Brady Skjei,21,D,NYR,7,0,0,0,1,4,0,0,0,0,0,0,0,6,0.0,124,17:44,11,11,0,0,,0.1
863,Jaccob Slavin,21,D,CAR,63,2,18,20,1,8,2,0,0,0,13,4,1,84,2.4,1322,20:59,119,41,0,0,,4.5
864,Anton Slepyshev,21,RW,EDM,11,0,1,1,-5,2,0,0,0,0,1,0,0,5,0.0,96,8:41,1,13,1,0,100.0,-0.2
865,Ladislav Smid,29,D,CGY,22,0,0,0,-7,6,0,0,0,0,0,0,0,11,0.0,255,11:35,33,39,0,0,,-0.5
866,Ben Smith,27,RW,TOT,22,2,4,6,2,0,2,0,0,1,4,0,0,17,11.8,266,12:06,16,18,100,85,54.1,0.5
867,Ben Smith,27,RW,TOR,16,2,4,6,3,0,2,0,0,1,4,0,0,16,12.5,230,14:23,15,13,95,73,56.5,0.6
868,Ben Smith,27,RW,SJS,6,0,0,0,-1,0,0,0,0,0,0,0,0,1,0.0,36,5:59,1,5,5,12,29.4,-0.1
869,Brendan Smith,26,D,DET,63,3,12,15,1,62,2,1,0,0,12,0,0,82,3.7,1109,17:36,42,94,0,0,,3.4
870,Craig Smith,26,RW,NSH,82,21,16,37,4,40,19,2,0,6,13,3,0,199,10.6,1245,15:11,18,84,76,154,33.0,4.7
871,Reilly Smith,24,RW,FLA,82,25,25,50,19,31,20,5,0,3,18,6,1,173,14.5,1526,18:37,39,85,0,2,0.0,6.6
872,Zack Smith,27,C,OTT,81,25,11,36,16,80,16,4,5,4,9,1,1,121,20.7,1247,15:24,26,175,380,349,52.1,5.4
873,Devante Smith-Pelly,23,RW,TOT,64,14,11,25,-3,30,14,0,0,5,10,1,0,94,14.9,787,12:18,23,105,2,3,40.0,3.1
874,Devante Smith-Pelly,23,RW,MTL,46,6,6,12,-2,22,6,0,0,3,6,0,0,60,10.0,506,11:00,15,85,0,2,0.0,1.1
875,Devante Smith-Pelly,23,RW,NJD,18,8,5,13,-1,8,8,0,0,2,4,1,0,34,23.5,280,15:35,8,20,2,1,66.7,2.0
876,Carl Soderberg,30,C,COL,82,12,39,51,-7,32,8,3,1,0,27,11,1,163,7.4,1477,18:01,71,27,338,381,47.0,4.3
877,Nikita Soshnikov,22,RW,TOR,11,2,3,5,-4,6,1,1,0,0,3,0,0,33,6.1,172,15:37,6,34,0,1,0.0,0.3
878,Nick Spaling,27,C,TOT,58,3,10,13,-2,24,3,0,0,0,10,0,0,53,5.7,828,14:17,45,65,309,292,51.4,0.4
879,Nick Spaling,27,C,TOR,35,1,6,7,-7,18,1,0,0,0,6,0,0,32,3.1,534,15:16,29,44,259,249,51.0,-0.3
880,Nick Spaling,27,C,SJS,23,2,4,6,5,6,2,0,0,0,4,0,0,21,9.5,294,12:47,16,21,50,43,53.8,0.6
881,Jason Spezza,32,C,DAL,75,33,30,63,4,22,24,9,0,7,15,15,0,202,16.3,1239,16:31,20,9,538,443,54.8,8.8
882,Ryan Spooner,24,C,BOS,80,13,36,49,-9,35,7,6,0,4,25,11,0,162,8.0,1211,15:08,19,53,304,407,42.8,4.5
883,Daniel Sprong,18,RW,PIT,18,2,0,2,-1,0,2,0,0,0,0,0,0,23,8.7,157,8:44,3,14,1,1,50.0,0.1
884,Jared Spurgeon,26,D,MIN,77,11,18,29,10,14,6,5,0,2,7,8,3,122,9.0,1746,22:41,157,51,0,0,,7.2
885,Eric Staal,31,C,TOT,83,13,26,39,-3,34,12,1,0,0,20,6,0,199,6.5,1540,18:33,33,74,446,396,53.0,3.4
886,Eric Staal,31,C,CAR,63,10,23,33,-4,32,9,1,0,0,17,6,0,159,6.3,1215,19:17,22,55,323,278,53.7,3.0
887,Eric Staal,31,C,NYR,20,3,3,6,1,2,3,0,0,0,3,0,0,40,7.5,325,16:15,11,19,123,118,51.0,0.5
888,Jordan Staal,27,C,CAR,82,20,28,48,6,34,14,6,0,4,22,4,2,151,13.2,1501,18:18,31,165,806,589,57.8,5.8
889,Marc Staal,29,D,NYR,77,2,13,15,2,36,2,0,0,1,13,0,0,65,3.1,1515,19:41,120,65,1,3,25.0,2.8
890,Drew Stafford,30,RW,WPG,78,21,17,38,-23,28,14,6,1,6,12,3,2,187,11.2,1394,17:52,15,59,51,50,50.5,3.3
891,Matt Stajan,32,C,CGY,80,6,11,17,-4,52,4,0,2,0,10,0,1,58,10.3,1016,12:42,45,77,373,415,47.3,0.5
892,Viktor Stalberg,30,LW,NYR,75,9,11,20,6,22,9,0,0,0,11,0,0,125,7.2,915,12:12,33,144,2,4,33.3,1.8
893,Steven Stamkos,25,C,TBL,77,36,28,64,3,38,21,14,1,8,17,9,2,216,16.7,1521,19:45,35,109,463,464,49.9,9.2
894,Ryan Stanton,26,D,WSH,1,0,0,0,-1,2,0,0,0,0,0,0,0,0,,9,8:41,0,0,0,0,,-0.1
895,Paul Stastny,30,C,STL,64,10,39,49,3,26,8,2,0,2,27,12,0,103,9.7,1226,19:09,40,32,684,536,56.1,4.9
896,Alex Steen,31,LW,STL,67,17,35,52,3,48,14,2,1,2,16,19,0,172,9.9,1365,20:22,35,50,159,198,44.5,5.8
897,Lee Stempniak,32,RW,TOT,82,19,32,51,4,38,15,3,1,4,23,9,0,146,13.0,1471,17:57,34,113,2,11,15.4,6.1
898,Lee Stempniak,32,RW,NJD,63,16,25,41,3,34,12,3,1,3,16,9,0,120,13.3,1180,18:44,28,85,2,8,20.0,5.1
899,Lee Stempniak,32,RW,BOS,19,3,7,10,1,4,3,0,0,1,7,0,0,26,11.5,291,15:20,6,28,0,3,0.0,1.0
900,Derek Stepan,25,C,NYR,72,22,31,53,5,20,14,5,3,5,22,9,0,192,11.5,1278,17:45,39,38,515,589,46.6,6.4
901,Chandler Stephenson,21,C,WSH,9,0,0,0,-3,2,0,0,0,0,0,0,0,2,0.0,71,7:51,4,5,30,25,54.5,-0.3
902,Chris Stewart,28,RW,ANA,56,8,12,20,2,73,7,1,0,1,8,4,0,78,10.3,605,10:48,10,72,3,6,33.3,2.4
903,Jarret Stoll,33,C,TOT,80,4,5,9,-1,36,4,0,0,0,5,0,0,49,8.2,974,12:11,69,117,481,362,57.1,-0.2
904,Jarret Stoll,33,C,MIN,51,3,3,6,-4,16,3,0,0,0,3,0,0,23,13.0,575,11:16,48,59,323,247,56.7,-0.1
905,Jarret Stoll,33,C,NYR,29,1,2,3,3,20,1,0,0,0,2,0,0,26,3.8,400,13:47,21,58,158,115,57.9,-0.2
906,Mark Stone,23,RW,OTT,75,23,38,61,-4,38,17,5,1,1,26,10,2,151,15.2,1508,20:06,54,55,8,11,42.1,6.7
907,Michael Stone,25,D,ARI,75,6,30,36,-10,62,6,0,0,1,16,14,0,161,3.7,1687,22:29,143,137,0,2,0.0,5.1
908,Clayton Stoner,30,D,ANA,50,1,5,6,4,67,1,0,0,0,4,0,1,32,3.1,768,15:22,55,123,0,0,,2.2
909,Tyson Strachan,31,D,MIN,2,0,0,0,1,0,0,0,0,0,0,0,0,0,,15,7:33,0,4,0,0,,0.1
910,Brian Strait,28,D,NYI,52,1,5,6,1,31,1,0,0,0,4,0,1,43,2.3,803,15:26,65,106,0,0,,1.6
911,Anton Stralman,29,D,TBL,73,9,25,34,16,20,8,1,0,0,14,11,0,127,7.1,1612,22:05,73,99,0,0,,7.9
912,Ben Street,28,C,COL,7,0,0,0,-1,4,0,0,0,0,0,0,0,8,0.0,51,7:21,4,6,26,21,55.3,-0.1
913,Mark Streit,38,D,PHI,62,6,17,23,-1,18,4,2,0,1,11,6,0,110,5.5,1356,21:52,90,28,0,0,,4.4
914,Ryan Strome,22,RW,NYI,71,8,20,28,-9,28,7,1,0,0,17,3,0,132,6.1,1112,15:39,19,77,39,56,41.1,1.8
915,Brad Stuart,36,D,COL,6,0,0,0,-2,0,0,0,0,0,0,0,0,0,,84,14:00,7,11,0,0,,-0.1
916,Mark Stuart,31,D,WPG,64,1,2,3,-7,66,1,0,0,0,1,0,1,39,2.6,1046,16:21,120,162,0,0,,0.5
917,P.K. Subban,26,D,MTL,68,6,45,51,4,75,4,2,0,0,23,22,0,176,3.4,1793,26:22,80,102,0,0,,8.3
918,Chris Summers,27,D,NYR,3,0,0,0,-2,4,0,0,0,0,0,0,0,5,0.0,46,15:23,1,4,0,0,,-0.2
919,Oskar Sundqvist,21,C,PIT,18,1,3,4,0,4,0,0,1,1,3,0,0,13,7.7,186,10:19,5,18,64,75,46.0,0.2
920,Andrej Sustr,25,D,TBL,77,4,17,21,-2,30,4,0,0,1,17,0,0,65,6.2,1296,16:50,66,29,0,0,,4.0
921,Ryan Suter,31,D,MIN,82,8,43,51,10,30,4,3,1,2,24,18,1,188,4.3,2345,28:36,142,69,0,0,,10.0
922,Brandon Sutter,26,C,VAN,20,5,4,9,3,2,3,1,1,2,4,0,0,45,11.1,360,17:59,10,12,146,132,52.5,1.2
923,Brody Sutter,24,C,CAR,8,0,0,0,-4,0,0,0,0,0,0,0,0,7,0.0,72,8:58,0,21,9,4,69.2,-0.3
924,Viktor Svedberg,24,D,CHI,27,2,2,4,-5,4,2,0,0,0,2,0,0,40,5.0,425,15:45,28,11,0,0,,0.6
925,Maxime Talbot,31,C,BOS,38,2,5,7,-11,15,2,0,0,1,4,1,0,29,6.9,426,11:13,28,66,164,181,47.5,-0.2
926,Brandon Tanev,24,LW,WPG,3,0,0,0,0,2,0,0,0,0,0,0,0,4,0.0,36,12:03,2,7,0,0,,-0.1
927,Chris Tanev,26,D,VAN,69,4,14,18,-8,8,2,2,0,0,12,1,1,42,9.5,1501,21:45,166,18,0,0,,3.6
928,Eric Tangradi,26,LW,DET,1,0,0,0,0,0,0,0,0,0,0,0,0,0,,7,6:55,0,1,0,1,0.0,0.0
929,Alex Tanguay,36,LW,TOT,70,8,27,35,8,32,7,1,0,1,18,8,1,71,11.3,1105,15:47,36,22,3,2,60.0,3.3
930,Alex Tanguay,36,LW,COL,52,4,18,22,3,24,4,0,0,0,12,5,1,49,8.2,833,16:01,26,14,1,2,33.3,1.7
931,Alex Tanguay,36,LW,ARI,18,4,9,13,5,8,3,1,0,1,6,3,0,22,18.2,273,15:09,10,8,2,0,100.0,1.7
932,Matt Taormina,29,D,TBL,3,0,0,0,0,0,0,0,0,0,0,0,0,2,0.0,42,13:56,3,1,0,0,,0.0
933,Vladimir Tarasenko,24,RW,STL,80,40,34,74,7,37,28,12,0,7,22,12,0,292,13.7,1491,18:38,28,32,0,1,0.0,10.8
934,Tomas Tatar,25,LW,DET,81,21,24,45,4,24,14,7,0,3,16,8,0,165,12.7,1162,14:21,18,74,6,18,25.0,5.8
935,John Tavares,25,C,NYI,78,33,37,70,6,38,26,7,0,5,25,12,0,250,13.2,1560,20:00,29,51,741,629,54.1,9.3
936,Matt Tennyson,25,D,SJS,29,1,3,4,1,0,0,1,0,0,3,0,0,23,4.3,305,10:31,18,23,0,0,,0.9
937,Teuvo Teravainen,21,C,CHI,78,13,22,35,-2,20,11,2,0,3,14,7,1,136,9.6,1197,15:21,31,24,125,184,40.5,3.3
938,Chris Terry,26,LW,CAR,68,8,3,11,-12,16,8,0,0,0,3,0,0,78,10.3,767,11:16,21,82,1,8,11.1,0.6
939,Shea Theodore,20,D,ANA,19,3,5,8,7,2,1,2,0,1,4,1,0,28,10.7,363,19:07,22,6,0,0,,2.3
940,Christian Thomas,23,LW,TOT,6,0,2,2,1,2,0,0,0,0,2,0,0,9,0.0,54,8:56,1,5,0,0,,0.2
941,Christian Thomas,23,LW,MTL,5,0,2,2,1,2,0,0,0,0,2,0,0,6,0.0,43,8:37,0,5,0,0,,0.2
942,Christian Thomas,23,LW,ARI,1,0,0,0,0,0,0,0,0,0,0,0,0,3,0.0,11,10:35,1,0,0,0,,0.0
943,Nate Thompson,31,C,ANA,49,3,3,6,-1,47,2,0,1,0,3,0,0,42,7.1,568,11:36,40,103,235,216,52.1,0.2
944,Paul Thompson,27,RW,NJD,3,0,0,0,0,2,0,0,0,0,0,0,0,3,0.0,38,12:32,0,3,0,0,,0.0
945,Chris Thorburn,32,RW,WPG,82,6,6,12,-1,81,5,0,1,2,6,0,0,70,8.6,830,10:07,32,146,68,54,55.7,0.6
946,Joe Thornton,36,C,SJS,82,19,63,82,25,54,11,8,0,6,42,21,0,121,15.7,1506,18:22,30,48,399,353,53.1,10.0
947,Shawn Thornton,38,LW,FLA,50,1,4,5,-2,80,1,0,0,0,4,0,0,58,1.7,434,8:41,2,73,6,7,46.2,-0.2
948,Chris Tierney,21,C,SJS,79,7,13,20,-16,20,5,1,1,2,13,0,0,96,7.3,1042,13:12,39,24,368,437,45.7,0.7
949,Viktor Tikhonov,27,RW,TOT,50,3,3,6,-10,20,1,2,0,1,3,0,0,41,7.3,572,11:26,25,54,45,71,38.8,-0.4
950,Viktor Tikhonov,27,RW,ARI,39,3,3,6,-6,14,1,2,0,1,3,0,0,30,10.0,459,11:46,23,35,45,70,39.1,0.0
951,Viktor Tikhonov,27,RW,CHI,11,0,0,0,-4,6,0,0,0,0,0,0,0,11,0.0,113,10:17,2,19,0,1,0.0,-0.4
952,Jarred Tinordi,23,D,TOT,10,0,0,0,-5,17,0,0,0,0,0,0,0,3,0.0,143,14:18,11,22,0,0,,-0.3
953,Jarred Tinordi,23,D,ARI,7,0,0,0,-2,12,0,0,0,0,0,0,0,3,0.0,104,14:49,7,17,0,0,,-0.1
954,Jarred Tinordi,23,D,MTL,3,0,0,0,-3,5,0,0,0,0,0,0,0,0,,39,13:06,4,5,0,0,,-0.2
955,Jiri Tlusty,27,LW,NJD,30,2,2,4,-1,6,1,1,0,0,1,1,0,38,5.3,411,13:43,13,39,0,0,,0.1
956,Jonathan Toews,27,C,CHI,80,28,30,58,16,62,18,6,4,8,24,3,3,179,15.6,1540,19:15,38,81,921,652,58.6,7.7
957,Tyler Toffoli,23,C,LAK,82,31,27,58,35,20,21,9,1,4,25,2,0,213,14.6,1420,17:19,19,70,0,4,0.0,9.1
958,Sergey Tolchinsky,20,LW,CAR,2,0,1,1,1,0,0,0,0,0,1,0,0,1,0.0,24,11:48,0,1,0,1,0.0,0.1
959,Jordin Tootoo,32,RW,NJD,66,4,5,9,-26,102,2,2,0,0,2,3,0,90,4.4,761,11:32,18,99,0,2,0.0,-0.6
960,Vincent Trocheck,22,C,FLA,76,25,28,53,15,44,20,4,1,4,19,9,0,174,14.4,1351,17:46,41,125,547,559,49.5,7.1
961,Zach Trotman,25,D,BOS,38,2,5,7,3,22,2,0,0,0,5,0,0,60,3.3,705,18:33,49,71,0,0,,1.7
962,Jacob Trouba,21,D,WPG,81,6,15,21,10,62,5,0,1,0,10,4,1,133,4.5,1787,22:04,177,144,0,1,0.0,4.9
963,Nikita Tryamkin,21,D,VAN,13,1,1,2,-3,10,1,0,0,0,1,0,0,11,9.1,228,17:31,23,31,0,0,,0.4
964,Kyle Turris,26,C,OTT,57,13,17,30,-15,32,10,3,0,2,11,5,1,122,10.7,1123,19:42,31,44,536,508,51.3,2.2
965,Fedor Tyutin,32,D,CBJ,61,1,2,3,-6,28,1,0,0,0,2,0,0,25,4.0,1073,17:35,71,128,0,0,,0.8
966,R.J. Umberger,33,C,PHI,39,2,9,11,1,15,1,1,0,0,8,1,0,48,4.2,396,10:10,15,59,2,3,40.0,0.8
967,Scottie Upshall,32,RW,STL,70,6,8,14,5,44,6,0,0,1,5,0,3,113,5.3,766,10:57,16,92,12,22,35.3,1.3
968,Rinat Valiev,20,D,TOR,10,0,0,0,0,0,0,0,0,0,0,0,0,7,0.0,123,12:15,4,9,0,0,,0.1
969,James van Riemsdyk,26,LW,TOR,40,14,15,29,3,6,9,5,0,0,11,4,0,129,10.9,711,17:46,7,52,1,1,50.0,3.8
970,Trevor van Riemsdyk,24,D,CHI,82,3,11,14,-5,31,3,0,0,1,8,2,1,85,3.5,1639,19:59,155,44,0,0,,2.9
971,Chris VandeVelde,28,C,PHI,79,2,12,14,-7,27,1,0,1,0,12,0,0,77,2.6,1071,13:33,60,139,6,15,28.6,-0.3
972,Thomas Vanek,32,LW,MIN,74,18,23,41,-9,22,12,6,0,5,15,8,0,146,12.3,1155,15:37,17,18,12,26,31.6,4.5
973,Phil Varone,25,C,TOT,6,1,2,3,2,2,1,0,0,0,2,0,0,2,50.0,51,8:31,6,4,10,8,55.6,0.5
974,Phil Varone,25,C,BUF,5,1,1,2,1,2,1,0,0,0,1,0,0,2,50.0,42,8:19,4,3,6,3,66.7,0.3
975,Phil Varone,25,C,OTT,1,0,1,1,1,0,0,0,0,0,1,0,0,0,,9,9:29,2,1,4,5,44.4,0.1
976,Sami Vatanen,24,D,ANA,71,9,29,38,8,20,5,4,0,2,14,15,0,140,6.4,1513,21:19,105,85,0,0,,8.0
977,Frank Vatrano,21,C,BOS,39,8,3,11,-3,14,8,0,0,1,3,0,0,99,8.1,463,11:53,23,61,0,3,0.0,1.2
978,Antoine Vermette,33,C,ARI,76,17,21,38,-14,93,10,6,1,2,11,10,0,123,13.8,1265,16:39,57,55,754,597,55.8,3.5
979,Joel Vermin,23,RW,TBL,6,0,1,1,1,0,0,0,0,0,1,0,0,1,0.0,55,9:08,2,6,1,0,100.0,0.1
980,Kris Versteeg,29,RW,TOT,77,15,23,38,0,45,13,2,0,4,16,7,0,156,9.6,1185,15:23,32,20,8,8,50.0,4.3
981,Kris Versteeg,29,RW,CAR,63,11,22,33,-6,36,9,2,0,2,15,7,0,136,8.1,1032,16:23,30,17,6,7,46.2,3.3
982,Kris Versteeg,29,RW,LAK,14,4,1,5,6,9,4,0,0,2,1,0,0,20,20.0,153,10:54,2,3,2,1,66.7,1.0
983,Linden Vey,24,RW,VAN,41,4,11,15,-14,6,1,3,0,0,9,2,0,40,10.0,646,15:45,9,4,193,256,43.0,0.6
984,Jake Virtanen,19,RW,VAN,55,7,6,13,-7,45,6,1,0,1,6,0,0,94,7.4,636,11:34,22,128,2,3,40.0,1.0
985,Joe Vitale,30,C,ARI,1,0,0,0,1,5,0,0,0,0,0,0,0,1,0.0,6,6:13,0,1,0,1,0.0,0.0
986,Marc-Edouard Vlasic,28,D,SJS,67,8,31,39,15,48,6,2,0,0,21,8,2,116,6.9,1550,23:08,129,47,0,2,0.0,7.9
987,Jakub Voracek,26,RW,PHI,73,11,44,55,-5,38,10,1,0,2,22,22,0,213,5.2,1357,18:35,34,51,3,3,50.0,4.9
988,Radim Vrbata,34,RW,VAN,63,13,14,27,-30,12,8,5,0,0,10,4,0,199,6.5,1011,16:03,12,15,4,10,28.6,1.7
989,Chris Wagner,24,RW,TOT,43,4,2,6,-2,28,4,0,0,1,2,0,0,55,7.3,394,9:09,27,95,148,126,54.0,0.4
990,Chris Wagner,24,RW,COL,26,4,0,4,-2,9,4,0,0,1,0,0,0,27,14.8,214,8:14,17,43,101,84,54.6,0.5
991,Chris Wagner,24,RW,ANA,17,0,2,2,0,19,0,0,0,0,2,0,0,28,0.0,180,10:34,10,52,47,42,52.8,0.0
992,Joel Ward,35,RW,SJS,79,21,22,43,-15,28,15,5,1,3,14,7,1,138,15.2,1341,16:58,53,68,237,255,48.2,4.4
993,David Warsofsky,25,D,TOT,22,1,1,2,-9,2,0,1,0,0,0,1,0,40,2.5,377,17:07,23,5,0,0,,0.0
994,David Warsofsky,25,D,PIT,12,1,0,1,-6,0,0,1,0,0,0,0,0,21,4.8,213,17:45,10,2,0,0,,-0.2
995,David Warsofsky,25,D,NJD,10,0,1,1,-3,2,0,0,0,0,0,1,0,19,0.0,164,16:22,13,3,0,0,,0.1
996,Austin Watson,24,LW,NSH,57,3,7,10,-4,32,3,0,0,0,7,0,0,55,5.5,570,10:00,45,74,6,7,46.2,0.4
997,Jordan Weal,23,C,TOT,14,0,0,0,1,2,0,0,0,0,0,0,0,4,0.0,131,9:22,2,5,33,35,48.5,-0.2
998,Jordan Weal,23,C,LAK,10,0,0,0,0,2,0,0,0,0,0,0,0,1,0.0,81,8:07,1,2,20,24,45.5,-0.1
999,Jordan Weal,23,C,PHI,4,0,0,0,1,0,0,0,0,0,0,0,0,3,0.0,50,12:28,1,3,13,11,54.2,0.0
1000,Mike Weber,28,D,TOT,45,1,4,5,2,60,1,0,0,0,4,0,0,40,2.5,697,15:29,61,108,0,0,,1.7
1001,Mike Weber,28,D,BUF,35,1,4,5,3,32,1,0,0,0,4,0,0,28,3.6,557,15:55,36,73,0,0,,1.7
1002,Mike Weber,28,D,WSH,10,0,0,0,-1,28,0,0,0,0,0,0,0,12,0.0,140,13:59,25,35,0,0,,0.0
1003,Shea Weber,30,D,NSH,78,20,31,51,-7,27,6,14,0,1,18,12,1,189,10.6,1979,25:23,160,169,0,0,,9.5
1004,Yannick Weber,27,D,VAN,45,0,7,7,-17,24,0,0,0,0,2,5,0,65,0.0,847,18:50,37,49,0,0,,0.4
1005,Dale Weise,27,RW,TOT,71,14,13,27,4,24,11,3,0,1,10,3,0,136,10.3,952,13:25,26,127,16,19,45.7,3.1
1006,Dale Weise,27,RW,MTL,56,14,12,26,0,22,11,3,0,1,9,3,0,117,12.0,803,14:21,23,108,15,15,50.0,3.1
1007,Dale Weise,27,RW,CHI,15,0,1,1,4,2,0,0,0,0,1,0,0,19,0.0,149,9:57,3,19,1,4,20.0,0.0
1008,Jeremy Welsh,27,C,STL,2,0,0,0,0,2,0,0,0,0,0,0,0,0,,17,8:19,0,4,1,2,33.3,0.0
1009,Alexander Wennberg,21,C,CBJ,69,8,32,40,-1,2,7,1,0,1,21,11,0,97,8.2,1094,15:52,46,32,400,522,43.4,3.5
1010,Blake Wheeler,29,RW,WPG,82,26,52,78,8,49,21,3,2,5,36,14,2,256,10.2,1623,19:47,56,92,10,18,35.7,9.4
1011,Ryan White,27,C,PHI,73,11,5,16,-9,101,8,3,0,0,5,0,0,88,12.5,917,12:34,51,208,184,167,52.4,1.1
1012,Chris Wideman,26,D,OTT,64,6,7,13,4,34,5,1,0,2,6,1,0,87,6.9,893,13:57,71,57,0,0,,2.7
1013,Dennis Wideman,32,D,CGY,51,2,17,19,-9,30,0,2,0,0,11,6,0,75,2.7,1051,20:37,77,37,0,0,,2.1
1014,Patrick Wiercioch,25,D,OTT,52,0,5,5,2,24,0,0,0,0,3,2,0,56,0.0,902,17:20,56,53,0,0,,0.9
1015,Justin Williams,34,RW,WSH,82,22,30,52,15,36,19,3,0,3,23,6,1,201,10.9,1366,16:39,43,32,57,52,52.3,6.6
1016,Colin Wilson,26,LW,NSH,64,6,18,24,-1,14,5,1,0,0,18,0,0,108,5.6,925,14:27,25,61,14,21,40.0,1.8
1017,Garrett Wilson,24,LW,FLA,29,0,0,0,-3,24,0,0,0,0,0,0,0,28,0.0,272,9:22,4,75,0,1,0.0,-0.6
1018,Scott Wilson,23,LW,PIT,24,5,1,6,0,12,5,0,0,1,1,0,0,39,12.8,256,10:41,6,38,0,0,,0.8
1019,Tom Wilson,21,RW,WSH,82,7,16,23,3,163,7,0,0,1,14,1,1,99,7.1,1059,12:55,48,253,8,6,57.1,1.7
1020,Tommy Wingels,27,C,SJS,68,7,11,18,-10,63,6,1,0,0,7,2,2,111,6.3,927,13:38,54,203,38,55,40.9,0.9
1021,Daniel Winnik,30,C,TOT,76,6,13,19,4,38,6,0,0,0,13,0,0,101,5.9,1042,13:43,46,53,8,12,40.0,1.3
1022,Daniel Winnik,30,C,TOR,56,4,10,14,-3,16,4,0,0,0,10,0,0,85,4.7,799,14:16,35,41,6,10,37.5,0.6
1023,Daniel Winnik,30,C,WSH,20,2,3,5,7,22,2,0,0,0,3,0,0,16,12.5,244,12:11,11,12,2,2,50.0,0.7
1024,James Wisniewski,31,D,CAR,1,0,0,0,0,0,0,0,0,0,0,0,0,0,,1,0:47,0,1,0,0,,0.0
1025,Luke Witkowski,25,D,TBL,4,0,0,0,0,4,0,0,0,0,0,0,0,1,0.0,29,7:08,1,8,0,0,,0.0
1026,Miles Wood,20,LW,NJD,1,0,0,0,0,0,0,0,0,0,0,0,0,2,0.0,13,13:06,0,1,0,0,,0.0
1027,Brendan Woods,23,LW,CAR,5,0,0,0,0,7,0,0,0,0,0,0,0,5,0.0,44,8:42,0,3,0,1,0.0,-0.1
1028,Tyler Wotherspoon,22,D,CGY,11,0,1,1,0,0,0,0,0,0,1,0,0,9,0.0,156,14:10,16,14,0,0,,0.2
1029,Nail Yakupov,22,RW,EDM,60,8,15,23,-16,24,7,1,0,1,10,5,0,127,6.3,853,14:13,21,54,0,1,0.0,1.5
1030,Keith Yandle,29,D,NYR,82,5,42,47,-4,40,3,2,0,1,22,20,0,160,3.1,1637,19:58,68,43,0,0,,6.3
1031,Pavel Zacha,18,C,NJD,1,0,2,2,4,0,0,0,0,0,2,0,0,3,0.0,17,16:51,0,1,3,6,33.3,0.4
1032,Nikita Zadorov,20,D,COL,22,0,2,2,-5,12,0,0,0,0,2,0,0,18,0.0,373,16:56,16,53,0,0,,0.1
1033,Travis Zajac,30,C,NJD,74,14,28,42,3,25,6,6,2,2,16,11,1,111,12.6,1469,19:51,41,65,715,672,51.6,4.7
1034,Michael Zalewski,23,LW,VAN,3,0,1,1,1,2,0,0,0,0,1,0,0,2,0.0,36,11:51,0,7,6,4,60.0,0.1
1035,Henrik Zetterberg,35,LW,DET,82,13,37,50,-15,24,11,2,0,3,17,20,0,214,6.1,1592,19:25,26,54,539,536,50.1,3.9
1036,Mika Zibanejad,22,C,OTT,81,21,30,51,-2,18,17,2,2,7,21,9,0,184,11.4,1439,17:46,43,111,659,647,50.5,5.5
1037,Marek Zidlicky,38,D,NYI,53,4,12,16,5,20,4,0,0,1,8,4,0,48,8.3,826,15:35,68,39,0,0,,3.4
1038,Harry Zolnierczyk,28,LW,ANA,1,0,0,0,-1,0,0,0,0,0,0,0,0,1,0.0,9,8:48,0,3,0,0,,-0.1
1039,Dainius Zubrus,37,C,SJS,50,3,4,7,4,20,3,0,0,0,4,0,0,33,9.1,579,11:35,15,68,15,12,55.6,0.4
1040,Mats Zuccarello,28,RW,NYR,81,26,35,61,2,34,19,7,0,4,24,11,0,166,15.7,1497,18:29,69,88,5,6,45.5,7.2
1041,Jason Zucker,24,LW,MIN,71,13,10,23,-5,20,12,0,1,1,7,2,1,158,8.2,1106,15:35,33,83,1,1,50.0,2.1
